Date,Start Time (Sask),Start Time (ET),Visitor,Score,Home,Score,Status
2024-10-04,11:00 AM,1:00 PM,New Jersey Devils,4,Buffalo Sabres,1,Regulation
2024-10-05,8:00 AM,10:00 AM,Buffalo Sabres,1,New Jersey Devils,3,Regulation
2024-10-08,2:30 PM,4:30 PM,St. Louis Blues,3,Seattle Kraken,2,Regulation
2024-10-08,5:00 PM,7:00 PM,Boston Bruins,4,Florida Panthers,6,Regulation
2024-10-08,8:00 PM,10:00 PM,Chicago Blackhawks,2,Utah Hockey Club,5,Regulation
2024-10-09,5:00 PM,7:00 PM,Toronto Maple Leafs,0,Montreal Canadiens,1,Regulation
2024-10-09,5:30 PM,7:30 PM,New York Rangers,6,Pittsburgh Penguins,0,Regulation
2024-10-09,8:00 PM,10:00 PM,Winnipeg Jets,6,Edmonton Oilers,0,Regulation
2024-10-09,8:00 PM,10:00 PM,Calgary Flames,6,Vancouver Canucks,5,OT
2024-10-09,8:00 PM,10:00 PM,Colorado Avalanche,4,Vegas Golden Knights,8,Regulation
2024-10-10,5:00 PM,7:00 PM,Montreal Canadiens,4,Boston Bruins,6,Regulation
2024-10-10,5:00 PM,7:00 PM,Los Angeles Kings,3,Buffalo Sabres,1,Regulation
2024-10-10,5:00 PM,7:00 PM,Florida Panthers,1,Ottawa Senators,3,Regulation
2024-10-10,5:00 PM,7:00 PM,Toronto Maple Leafs,4,New Jersey Devils,2,Regulation
2024-10-10,5:30 PM,7:30 PM,Utah Hockey Club,5,New York Islanders,4,OT
2024-10-10,6:00 PM,8:00 PM,Pittsburgh Penguins,6,Detroit Red Wings,3,Regulation
2024-10-10,6:00 PM,8:00 PM,Dallas Stars,4,Nashville Predators,3,Regulation
2024-10-10,6:00 PM,8:00 PM,Columbus Blue Jackets,2,Minnesota Wild,3,Regulation
2024-10-10,8:30 PM,10:30 PM,St. Louis Blues,5,San Jose Sharks,4,OT
2024-10-11,5:00 PM,7:00 PM,Tampa Bay Lightning,4,Carolina Hurricanes,1,Regulation
2024-10-11,6:00 PM,8:00 PM,Chicago Blackhawks,1,Winnipeg Jets,2,OT
2024-10-11,8:00 PM,10:00 PM,Philadelphia Flyers,3,Vancouver Canucks,2,SO
2024-10-11,8:00 PM,10:00 PM,St. Louis Blues,3,Vegas Golden Knights,4,Regulation
2024-10-12,11:00 AM,1:00 PM,Los Angeles Kings,1,Boston Bruins,2,OT
2024-10-12,5:00 PM,7:00 PM,Florida Panthers,2,Buffalo Sabres,5,Regulation
2024-10-12,5:00 PM,7:00 PM,Pittsburgh Penguins,2,Toronto Maple Leafs,4,Regulation
2024-10-12,5:00 PM,7:00 PM,Ottawa Senators,1,Montreal Canadiens,4,Regulation
2024-10-12,5:00 PM,7:00 PM,Nashville Predators,0,Detroit Red Wings,3,Regulation
2024-10-12,5:00 PM,7:00 PM,Utah Hockey Club,6,New York Rangers,5,OT
2024-10-12,5:00 PM,7:00 PM,New Jersey Devils,5,Washington Capitals,3,Regulation
2024-10-12,6:00 PM,8:00 PM,New York Islanders,0,Dallas Stars,3,Regulation
2024-10-12,6:00 PM,8:00 PM,Seattle Kraken,5,Minnesota Wild,4,SO
2024-10-12,7:00 PM,9:00 PM,Columbus Blue Jackets,6,Colorado Avalanche,4,Regulation
2024-10-12,8:00 PM,10:00 PM,Philadelphia Flyers,3,Calgary Flames,6,Regulation
2024-10-12,8:00 PM,10:00 PM,Chicago Blackhawks,5,Edmonton Oilers,2,Regulation
2024-10-12,8:00 PM,10:00 PM,Anaheim Ducks,2,San Jose Sharks,0,Regulation
2024-10-13,4:00 PM,6:00 PM,Minnesota Wild,1,Winnipeg Jets,2,OT
2024-10-13,6:00 PM,8:00 PM,Seattle Kraken,0,Dallas Stars,2,Regulation
2024-10-13,6:00 PM,8:00 PM,Calgary Flames,4,Edmonton Oilers,1,Regulation
2024-10-13,8:00 PM,10:00 PM,Anaheim Ducks,1,Vegas Golden Knights,3,Regulation
2024-10-14,11:00 AM,1:00 PM,Florida Panthers,4,Boston Bruins,3,Regulation
2024-10-14,11:00 AM,1:00 PM,Los Angeles Kings,7,Ottawa Senators,8,OT
2024-10-14,11:00 AM,1:00 PM,Utah Hockey Club,0,New Jersey Devils,3,Regulation
2024-10-14,5:00 PM,7:00 PM,Detroit Red Wings,1,New York Rangers,4,Regulation
2024-10-14,5:30 PM,7:30 PM,Pittsburgh Penguins,6,Montreal Canadiens,3,Regulation
2024-10-14,7:00 PM,9:00 PM,New York Islanders,6,Colorado Avalanche,2,Regulation
2024-10-15,5:00 PM,7:00 PM,Vancouver Canucks,1,Tampa Bay Lightning,4,Regulation
2024-10-15,5:00 PM,7:00 PM,Vegas Golden Knights,2,Washington Capitals,4,Regulation
2024-10-15,5:00 PM,7:00 PM,New Jersey Devils,2,Carolina Hurricanes,4,Regulation
2024-10-15,5:00 PM,7:00 PM,Florida Panthers,4,Columbus Blue Jackets,3,Regulation
2024-10-15,5:30 PM,7:30 PM,Minnesota Wild,4,St. Louis Blues,1,Regulation
2024-10-15,6:00 PM,8:00 PM,Seattle Kraken,7,Nashville Predators,3,Regulation
2024-10-15,6:00 PM,8:00 PM,San Jose Sharks,2,Dallas Stars,3,SO
2024-10-15,7:00 PM,9:00 PM,Chicago Blackhawks,1,Calgary Flames,3,Regulation
2024-10-15,8:00 PM,10:00 PM,Philadelphia Flyers,3,Edmonton Oilers,4,OT
2024-10-16,5:00 PM,7:00 PM,Buffalo Sabres,5,Pittsburgh Penguins,6,OT
2024-10-16,5:30 PM,7:30 PM,Los Angeles Kings,2,Toronto Maple Leafs,6,Regulation
2024-10-16,7:30 PM,9:30 PM,Boston Bruins,5,Colorado Avalanche,3,Regulation
2024-10-16,8:00 PM,10:00 PM,Utah Hockey Club,4,Anaheim Ducks,5,OT
2024-10-17,5:00 PM,7:00 PM,Los Angeles Kings,4,Montreal Canadiens,1,Regulation
2024-10-17,5:00 PM,7:00 PM,New Jersey Devils,3,Ottawa Senators,1,Regulation
2024-10-17,5:00 PM,7:00 PM,Vegas Golden Knights,3,Tampa Bay Lightning,4,Regulation
2024-10-17,5:00 PM,7:00 PM,Vancouver Canucks,3,Florida Panthers,2,OT
2024-10-17,5:00 PM,7:00 PM,Dallas Stars,2,Washington Capitals,3,Regulation
2024-10-17,5:00 PM,7:00 PM,Buffalo Sabres,4,Columbus Blue Jackets,6,Regulation
2024-10-17,5:30 PM,7:30 PM,New York Rangers,5,Detroit Red Wings,2,Regulation
2024-10-17,6:00 PM,8:00 PM,New York Islanders,0,St. Louis Blues,1,OT
2024-10-17,6:00 PM,8:00 PM,Edmonton Oilers,4,Nashville Predators,2,Regulation
2024-10-17,6:30 PM,8:30 PM,San Jose Sharks,2,Chicago Blackhawks,4,Regulation
2024-10-17,8:00 PM,10:00 PM,Philadelphia Flyers,4,Seattle Kraken,6,Regulation
2024-10-18,5:00 PM,7:00 PM,Carolina Hurricanes,4,Pittsburgh Penguins,1,Regulation
2024-10-18,6:00 PM,8:00 PM,San Jose Sharks,3,Winnipeg Jets,8,Regulation
2024-10-18,7:00 PM,9:00 PM,Anaheim Ducks,3,Colorado Avalanche,4,OT
2024-10-19,11:00 AM,1:00 PM,Tampa Bay Lightning,4,Ottawa Senators,5,Regulation
2024-10-19,12:00 PM,2:00 PM,Detroit Red Wings,5,Nashville Predators,2,Regulation
2024-10-19,2:00 PM,4:00 PM,Edmonton Oilers,1,Dallas Stars,4,Regulation
2024-10-19,4:00 PM,6:00 PM,Vegas Golden Knights,3,Florida Panthers,4,OT
2024-10-19,5:00 PM,7:00 PM,New York Rangers,4,Toronto Maple Leafs,1,Regulation
2024-10-19,5:00 PM,7:00 PM,Washington Capitals,6,New Jersey Devils,5,OT
2024-10-19,5:00 PM,7:00 PM,Montreal Canadiens,3,New York Islanders,4,SO
2024-10-19,5:00 PM,7:00 PM,Vancouver Canucks,3,Philadelphia Flyers,0,Regulation
2024-10-19,5:00 PM,7:00 PM,Minnesota Wild,3,Columbus Blue Jackets,1,Regulation
2024-10-19,5:00 PM,7:00 PM,Carolina Hurricanes,3,St. Louis Blues,4,Regulation
2024-10-19,6:00 PM,8:00 PM,Buffalo Sabres,4,Chicago Blackhawks,2,Regulation
2024-10-19,7:00 PM,9:00 PM,Boston Bruins,1,Utah Hockey Club,2,OT
2024-10-19,8:00 PM,10:00 PM,Calgary Flames,1,Seattle Kraken,2,OT
2024-10-20,1:00 PM,3:00 PM,Pittsburgh Penguins,3,Winnipeg Jets,6,Regulation
2024-10-20,6:00 PM,8:00 PM,Colorado Avalanche,4,San Jose Sharks,1,Regulation
2024-10-20,6:00 PM,8:00 PM,Los Angeles Kings,4,Anaheim Ducks,1,Regulation
2024-10-21,5:30 PM,7:30 PM,Tampa Bay Lightning,2,Toronto Maple Leafs,5,Regulation
2024-10-22,4:00 PM,6:00 PM,Washington Capitals,4,Philadelphia Flyers,1,Regulation
2024-10-22,4:30 PM,6:30 PM,Minnesota Wild,5,Florida Panthers,1,Regulation
2024-10-22,4:45 PM,6:45 PM,Tampa Bay Lightning,8,New Jersey Devils,5,Regulation
2024-10-22,5:00 PM,7:00 PM,Dallas Stars,2,Buffalo Sabres,4,Regulation
2024-10-22,5:15 PM,7:15 PM,New York Rangers,7,Montreal Canadiens,2,Regulation
2024-10-22,5:30 PM,7:30 PM,Toronto Maple Leafs,2,Columbus Blue Jackets,6,Regulation
2024-10-22,5:45 PM,7:45 PM,Detroit Red Wings,1,New York Islanders,0,Regulation
2024-10-22,6:00 PM,8:00 PM,Winnipeg Jets,3,St. Louis Blues,2,Regulation
2024-10-22,6:15 PM,8:15 PM,Vancouver Canucks,6,Chicago Blackhawks,3,Regulation
2024-10-22,6:30 PM,8:30 PM,Colorado Avalanche,3,Seattle Kraken,2,Regulation
2024-10-22,6:45 PM,8:45 PM,Boston Bruins,0,Nashville Predators,4,Regulation
2024-10-22,7:00 PM,9:00 PM,Carolina Hurricanes,3,Edmonton Oilers,2,OT
2024-10-22,7:15 PM,9:15 PM,Ottawa Senators,4,Utah Hockey Club,0,Regulation
2024-10-22,7:30 PM,9:30 PM,Pittsburgh Penguins,3,Calgary Flames,4,SO
2024-10-22,8:15 PM,10:15 PM,San Jose Sharks,1,Anaheim Ducks,3,Regulation
2024-10-22,9:00 PM,11:00 PM,Los Angeles Kings,1,Vegas Golden Knights,6,Regulation
2024-10-23,5:30 PM,7:30 PM,Philadelphia Flyers,3,Washington Capitals,6,Regulation
2024-10-24,5:00 PM,7:00 PM,Dallas Stars,5,Boston Bruins,2,Regulation
2024-10-24,5:00 PM,7:00 PM,St. Louis Blues,5,Toronto Maple Leafs,1,Regulation
2024-10-24,5:00 PM,7:00 PM,New Jersey Devils,3,Detroit Red Wings,5,Regulation
2024-10-24,5:00 PM,7:00 PM,Minnesota Wild,4,Tampa Bay Lightning,2,Regulation
2024-10-24,5:00 PM,7:00 PM,Florida Panthers,3,New York Rangers,1,Regulation
2024-10-24,7:00 PM,9:00 PM,Carolina Hurricanes,4,Calgary Flames,2,Regulation
2024-10-24,7:00 PM,9:00 PM,Colorado Avalanche,5,Utah Hockey Club,1,Regulation
2024-10-24,8:00 PM,10:00 PM,Winnipeg Jets,4,Seattle Kraken,3,OT
2024-10-24,8:30 PM,10:30 PM,San Jose Sharks,2,Los Angeles Kings,3,Regulation
2024-10-25,4:00 PM,6:00 PM,Ottawa Senators,4,Vegas Golden Knights,6,Regulation
2024-10-25,5:00 PM,7:00 PM,New York Islanders,4,New Jersey Devils,3,OT
2024-10-25,6:30 PM,8:30 PM,Nashville Predators,3,Chicago Blackhawks,2,Regulation
2024-10-25,7:00 PM,9:00 PM,Pittsburgh Penguins,0,Edmonton Oilers,4,Regulation
2024-10-26,11:00 AM,1:00 PM,Detroit Red Wings,3,Buffalo Sabres,5,Regulation
2024-10-26,11:00 AM,1:00 PM,Minnesota Wild,5,Philadelphia Flyers,7,Regulation
2024-10-26,2:00 PM,4:00 PM,Utah Hockey Club,2,Los Angeles Kings,3,Regulation
2024-10-26,5:00 PM,7:00 PM,Toronto Maple Leafs,3,Boston Bruins,4,OT
2024-10-26,5:00 PM,7:00 PM,St. Louis Blues,2,Montreal Canadiens,5,Regulation
2024-10-26,5:00 PM,7:00 PM,Washington Capitals,0,Tampa Bay Lightning,3,Regulation
2024-10-26,5:00 PM,7:00 PM,Anaheim Ducks,1,New York Rangers,2,Regulation
2024-10-26,5:00 PM,7:00 PM,Winnipeg Jets,5,Calgary Flames,3,Regulation
2024-10-26,5:30 PM,7:30 PM,Florida Panthers,6,New York Islanders,3,Regulation
2024-10-26,6:00 PM,8:00 PM,Columbus Blue Jackets,3,Nashville Predators,4,OT
2024-10-26,6:00 PM,8:00 PM,Chicago Blackhawks,2,Dallas Stars,4,Regulation
2024-10-26,8:00 PM,10:00 PM,Pittsburgh Penguins,3,Vancouver Canucks,4,Regulation
2024-10-26,8:00 PM,10:00 PM,San Jose Sharks,3,Vegas Golden Knights,7,Regulation
2024-10-26,8:00 PM,10:00 PM,Carolina Hurricanes,4,Seattle Kraken,1,Regulation
2024-10-27,4:00 PM,6:00 PM,Edmonton Oilers,3,Detroit Red Wings,2,OT
2024-10-27,5:00 PM,7:00 PM,Anaheim Ducks,2,New Jersey Devils,6,Regulation
2024-10-27,5:00 PM,7:00 PM,Montreal Canadiens,4,Philadelphia Flyers,3,Regulation
2024-10-27,7:00 PM,9:00 PM,Ottawa Senators,4,Colorado Avalanche,5,Regulation
2024-10-28,5:00 PM,7:00 PM,Florida Panthers,5,Buffalo Sabres,2,Regulation
2024-10-28,5:00 PM,7:00 PM,Edmonton Oilers,1,Columbus Blue Jackets,6,Regulation
2024-10-28,5:30 PM,7:30 PM,Nashville Predators,2,Tampa Bay Lightning,3,OT
2024-10-28,5:30 PM,7:30 PM,Toronto Maple Leafs,6,Winnipeg Jets,4,Regulation
2024-10-28,7:00 PM,9:00 PM,Chicago Blackhawks,5,Colorado Avalanche,2,Regulation
2024-10-28,7:00 PM,9:00 PM,San Jose Sharks,5,Utah Hockey Club,4,OT
2024-10-28,8:00 PM,10:00 PM,Carolina Hurricanes,4,Vancouver Canucks,3,OT
2024-10-28,8:00 PM,10:00 PM,Calgary Flames,0,Vegas Golden Knights,5,Regulation
2024-10-29,5:00 PM,7:00 PM,Philadelphia Flyers,2,Boston Bruins,0,Regulation
2024-10-29,5:00 PM,7:00 PM,Seattle Kraken,8,Montreal Canadiens,2,Regulation
2024-10-29,5:00 PM,7:00 PM,St. Louis Blues,1,Ottawa Senators,8,Regulation
2024-10-29,5:00 PM,7:00 PM,Anaheim Ducks,3,New York Islanders,1,Regulation
2024-10-29,5:00 PM,7:00 PM,Minnesota Wild,5,Pittsburgh Penguins,3,Regulation
2024-10-29,5:30 PM,7:30 PM,New York Rangers,3,Washington Capitals,5,Regulation
2024-10-29,8:00 PM,10:00 PM,Los Angeles Kings,2,San Jose Sharks,4,Regulation
2024-10-30,5:00 PM,7:00 PM,New York Islanders,0,Columbus Blue Jackets,2,Regulation
2024-10-30,5:30 PM,7:30 PM,Winnipeg Jets,6,Detroit Red Wings,2,Regulation
2024-10-30,7:00 PM,9:00 PM,Tampa Bay Lightning,5,Colorado Avalanche,2,Regulation
2024-10-30,7:30 PM,9:30 PM,Calgary Flames,1,Utah Hockey Club,5,Regulation
2024-10-30,8:00 PM,10:00 PM,Vegas Golden Knights,3,Los Angeles Kings,6,Regulation
2024-10-30,8:30 PM,10:30 PM,New Jersey Devils,6,Vancouver Canucks,0,Regulation
2024-10-31,5:00 PM,7:00 PM,Seattle Kraken,1,Toronto Maple Leafs,4,Regulation
2024-10-31,5:00 PM,7:00 PM,St. Louis Blues,1,Philadelphia Flyers,2,Regulation
2024-10-31,5:00 PM,7:00 PM,Anaheim Ducks,1,Pittsburgh Penguins,2,OT
2024-10-31,5:00 PM,7:00 PM,Montreal Canadiens,3,Washington Capitals,6,Regulation
2024-10-31,5:00 PM,7:00 PM,Boston Bruins,2,Carolina Hurricanes,8,Regulation
2024-10-31,6:00 PM,8:00 PM,Edmonton Oilers,5,Nashville Predators,1,Regulation
2024-10-31,8:30 PM,10:30 PM,Chicago Blackhawks,2,San Jose Sharks,3,Regulation
2024-11-01,12:00 PM,2:00 PM,Florida Panthers,6,Dallas Stars,4,Regulation
2024-11-01,5:00 PM,7:00 PM,New York Islanders,4,Buffalo Sabres,3,Regulation
2024-11-01,5:00 PM,7:00 PM,Ottawa Senators,1,New York Rangers,2,Regulation
2024-11-01,5:00 PM,7:00 PM,Winnipeg Jets,6,Columbus Blue Jackets,2,Regulation
2024-11-01,6:00 PM,8:00 PM,Tampa Bay Lightning,3,Minnesota Wild,5,Regulation
2024-11-01,7:00 PM,9:00 PM,New Jersey Devils,0,Calgary Flames,3,Regulation
2024-11-02,10:00 AM,12:00 PM,Dallas Stars,2,Florida Panthers,4,Regulation
2024-11-02,11:00 AM,1:00 PM,Boston Bruins,3,Philadelphia Flyers,0,Regulation
2024-11-02,2:00 PM,4:00 PM,Chicago Blackhawks,4,Los Angeles Kings,3,SO
2024-11-02,3:00 PM,5:00 PM,Columbus Blue Jackets,2,Washington Capitals,7,Regulation
2024-11-02,5:00 PM,7:00 PM,Seattle Kraken,0,Ottawa Senators,3,Regulation
2024-11-02,5:00 PM,7:00 PM,Buffalo Sabres,1,Detroit Red Wings,2,Regulation
2024-11-02,5:00 PM,7:00 PM,Montreal Canadiens,1,Pittsburgh Penguins,3,Regulation
2024-11-02,5:00 PM,7:00 PM,Toronto Maple Leafs,2,St. Louis Blues,4,Regulation
2024-11-02,6:00 PM,8:00 PM,Colorado Avalanche,2,Nashville Predators,5,Regulation
2024-11-02,8:00 PM,10:00 PM,Utah Hockey Club,3,Vegas Golden Knights,4,OT
2024-11-02,8:00 PM,10:00 PM,Vancouver Canucks,3,San Jose Sharks,2,Regulation
2024-11-03,12:00 PM,1:00 PM,New York Islanders,2,New York Rangers,5,Regulation
2024-11-03,2:00 PM,3:00 PM,Tampa Bay Lightning,4,Winnipeg Jets,7,Regulation
2024-11-03,4:00 PM,5:00 PM,Seattle Kraken,0,Boston Bruins,2,Regulation
2024-11-03,4:00 PM,5:00 PM,Washington Capitals,2,Carolina Hurricanes,4,Regulation
2024-11-03,5:00 PM,6:00 PM,Toronto Maple Leafs,1,Minnesota Wild,2,OT
2024-11-03,7:00 PM,8:00 PM,Edmonton Oilers,4,Calgary Flames,2,Regulation
2024-11-03,7:00 PM,8:00 PM,Chicago Blackhawks,4,Anaheim Ducks,2,Regulation
2024-11-04,7:00 PM,8:00 PM,Los Angeles Kings,3,Nashville Predators,0,Regulation
2024-11-04,7:30 PM,8:30 PM,New Jersey Devils,3,Edmonton Oilers,0,Regulation
2024-11-05,6:00 PM,7:00 PM,Ottawa Senators,1,Buffalo Sabres,5,Regulation
2024-11-05,6:00 PM,7:00 PM,Boston Bruins,0,Toronto Maple Leafs,4,Regulation
2024-11-05,6:00 PM,7:00 PM,Calgary Flames,3,Montreal Canadiens,2,OT
2024-11-05,6:00 PM,7:00 PM,Philadelphia Flyers,4,Carolina Hurricanes,6,Regulation
2024-11-05,6:30 PM,7:30 PM,Pittsburgh Penguins,3,New York Islanders,4,SO
2024-11-05,7:00 PM,8:00 PM,Tampa Bay Lightning,2,St. Louis Blues,3,Regulation
2024-11-05,7:00 PM,8:00 PM,Los Angeles Kings,5,Minnesota Wild,1,Regulation
2024-11-05,7:00 PM,8:00 PM,Utah Hockey Club,0,Winnipeg Jets,3,Regulation
2024-11-05,8:00 PM,9:00 PM,Seattle Kraken,3,Colorado Avalanche,6,Regulation
2024-11-05,9:00 PM,10:00 PM,Vancouver Canucks,5,Anaheim Ducks,1,Regulation
2024-11-05,9:30 PM,10:30 PM,Columbus Blue Jackets,1,San Jose Sharks,2,OT
2024-11-06,6:00 PM,7:00 PM,Nashville Predators,2,Washington Capitals,3,Regulation
2024-11-06,7:00 PM,8:00 PM,Detroit Red Wings,4,Chicago Blackhawks,1,Regulation
2024-11-06,7:30 PM,8:30 PM,Vegas Golden Knights,4,Edmonton Oilers,2,Regulation
2024-11-07,6:00 PM,7:00 PM,Calgary Flames,3,Boston Bruins,4,OT
2024-11-07,6:00 PM,7:00 PM,New York Islanders,4,Ottawa Senators,2,Regulation
2024-11-07,6:00 PM,7:00 PM,Nashville Predators,2,Florida Panthers,6,Regulation
2024-11-07,6:00 PM,7:00 PM,Montreal Canadiens,3,New Jersey Devils,5,Regulation
2024-11-07,6:00 PM,7:00 PM,Buffalo Sabres,6,New York Rangers,1,Regulation
2024-11-07,6:00 PM,7:00 PM,Pittsburgh Penguins,1,Carolina Hurricanes,5,Regulation
2024-11-07,6:30 PM,7:30 PM,Philadelphia Flyers,2,Tampa Bay Lightning,1,SO
2024-11-07,7:00 PM,8:00 PM,Utah Hockey Club,4,St. Louis Blues,2,Regulation
2024-11-07,7:00 PM,8:00 PM,Chicago Blackhawks,1,Dallas Stars,3,Regulation
2024-11-07,7:00 PM,8:00 PM,Colorado Avalanche,0,Winnipeg Jets,1,Regulation
2024-11-07,9:30 PM,10:30 PM,Vancouver Canucks,4,Los Angeles Kings,2,Regulation
2024-11-07,9:30 PM,10:30 PM,Minnesota Wild,5,San Jose Sharks,2,Regulation
2024-11-08,6:00 PM,7:00 PM,Detroit Red Wings,1,Toronto Maple Leafs,3,Regulation
2024-11-08,6:30 PM,7:30 PM,Pittsburgh Penguins,4,Washington Capitals,2,Regulation
2024-11-08,9:00 PM,10:00 PM,Minnesota Wild,5,Anaheim Ducks,2,Regulation
2024-11-08,9:00 PM,10:00 PM,Vegas Golden Knights,3,Seattle Kraken,4,OT
2024-11-09,12:00 PM,1:00 PM,Calgary Flames,2,Buffalo Sabres,3,SO
2024-11-09,2:00 PM,3:00 PM,Dallas Stars,1,Winnipeg Jets,4,Regulation
2024-11-09,5:00 PM,6:00 PM,Philadelphia Flyers,3,Florida Panthers,4,SO
2024-11-09,6:00 PM,7:00 PM,Ottawa Senators,3,Boston Bruins,2,OT
2024-11-09,6:00 PM,7:00 PM,Montreal Canadiens,1,Toronto Maple Leafs,4,Regulation
2024-11-09,6:00 PM,7:00 PM,New York Rangers,4,Detroit Red Wings,0,Regulation
2024-11-09,6:00 PM,7:00 PM,Washington Capitals,8,St. Louis Blues,1,Regulation
2024-11-09,6:30 PM,7:30 PM,New Jersey Devils,4,New York Islanders,3,OT
2024-11-09,7:00 PM,8:00 PM,Utah Hockey Club,0,Nashville Predators,4,Regulation
2024-11-09,8:00 PM,9:00 PM,Carolina Hurricanes,4,Colorado Avalanche,6,Regulation
2024-11-09,8:00 PM,9:00 PM,Columbus Blue Jackets,2,Los Angeles Kings,5,Regulation
2024-11-09,9:00 PM,10:00 PM,Edmonton Oilers,7,Vancouver Canucks,3,Regulation
2024-11-10,6:00 PM,7:00 PM,San Jose Sharks,1,New Jersey Devils,0,Regulation
2024-11-10,6:00 PM,7:00 PM,Minnesota Wild,1,Chicago Blackhawks,2,OT
2024-11-10,7:00 PM,8:00 PM,Columbus Blue Jackets,2,Anaheim Ducks,4,Regulation
2024-11-11,11:30 AM,12:30 PM,Montreal Canadiens,7,Buffalo Sabres,5,Regulation
2024-11-11,6:00 PM,7:00 PM,San Jose Sharks,3,Philadelphia Flyers,4,SO
2024-11-11,6:00 PM,7:00 PM,Dallas Stars,7,Pittsburgh Penguins,1,Regulation
2024-11-11,7:30 PM,8:30 PM,Los Angeles Kings,1,Calgary Flames,3,Regulation
2024-11-11,8:00 PM,9:00 PM,Nashville Predators,2,Colorado Avalanche,3,OT
2024-11-11,9:00 PM,10:00 PM,Carolina Hurricanes,5,Vegas Golden Knights,2,Regulation
2024-11-12,6:00 PM,7:00 PM,Ottawa Senators,3,Toronto Maple Leafs,0,Regulation
2024-11-12,6:00 PM,7:00 PM,Winnipeg Jets,6,New York Rangers,3,Regulation
2024-11-12,6:30 PM,7:30 PM,New Jersey Devils,4,Florida Panthers,1,Regulation
2024-11-12,7:00 PM,8:00 PM,Boston Bruins,3,St. Louis Blues,2,Regulation
2024-11-12,8:00 PM,9:00 PM,New York Islanders,3,Edmonton Oilers,4,OT
2024-11-12,9:00 PM,10:00 PM,Calgary Flames,1,Vancouver Canucks,3,Regulation
2024-11-12,9:00 PM,10:00 PM,Columbus Blue Jackets,2,Seattle Kraken,5,Regulation
2024-11-13,6:30 PM,7:30 PM,Detroit Red Wings,3,Pittsburgh Penguins,2,OT
2024-11-13,6:30 PM,7:30 PM,Toronto Maple Leafs,4,Washington Capitals,3,OT
2024-11-13,8:00 PM,9:00 PM,Carolina Hurricanes,1,Utah Hockey Club,4,Regulation
2024-11-13,9:00 PM,10:00 PM,Los Angeles Kings,2,Colorado Avalanche,4,Regulation
2024-11-13,9:00 PM,10:00 PM,Vegas Golden Knights,3,Anaheim Ducks,2,Regulation
2024-11-14,6:00 PM,7:00 PM,Philadelphia Flyers,5,Ottawa Senators,4,OT
2024-11-14,6:00 PM,7:00 PM,Winnipeg Jets,1,Tampa Bay Lightning,4,Regulation
2024-11-14,6:00 PM,7:00 PM,New Jersey Devils,6,Florida Panthers,2,Regulation
2024-11-14,6:00 PM,7:00 PM,San Jose Sharks,2,New York Rangers,3,Regulation
2024-11-14,6:30 PM,7:30 PM,St. Louis Blues,3,Buffalo Sabres,4,OT
2024-11-14,7:00 PM,8:00 PM,Boston Bruins,2,Dallas Stars,7,Regulation
2024-11-14,7:00 PM,8:00 PM,Montreal Canadiens,0,Minnesota Wild,3,Regulation
2024-11-14,8:00 PM,9:00 PM,Nashville Predators,2,Edmonton Oilers,3,OT
2024-11-14,9:00 PM,10:00 PM,New York Islanders,5,Vancouver Canucks,2,Regulation
2024-11-14,9:00 PM,10:00 PM,Chicago Blackhawks,1,Seattle Kraken,3,Regulation
2024-11-15,6:00 PM,7:00 PM,Pittsburgh Penguins,2,Columbus Blue Jackets,6,Regulation
2024-11-15,8:00 PM,9:00 PM,Washington Capitals,5,Colorado Avalanche,2,Regulation
2024-11-15,8:00 PM,9:00 PM,Nashville Predators,0,Calgary Flames,2,Regulation
2024-11-15,8:00 PM,9:00 PM,Vegas Golden Knights,4,Utah Hockey Club,2,Regulation
2024-11-15,9:00 PM,10:00 PM,Detroit Red Wings,4,Anaheim Ducks,6,Regulation
2024-11-16,12:00 PM,1:00 PM,St. Louis Blues,3,Boston Bruins,2,OT
2024-11-16,3:00 PM,4:00 PM,New York Islanders,2,Seattle Kraken,3,Regulation
2024-11-16,6:00 PM,7:00 PM,Edmonton Oilers,3,Toronto Maple Leafs,4,OT
2024-11-16,6:00 PM,7:00 PM,Columbus Blue Jackets,1,Montreal Canadiens,5,Regulation
2024-11-16,6:00 PM,7:00 PM,New Jersey Devils,0,Tampa Bay Lightning,4,Regulation
2024-11-16,6:00 PM,7:00 PM,Winnipeg Jets,0,Florida Panthers,5,Regulation
2024-11-16,6:00 PM,7:00 PM,Buffalo Sabres,2,Philadelphia Flyers,5,Regulation
2024-11-16,6:00 PM,7:00 PM,San Jose Sharks,3,Pittsburgh Penguins,4,SO
2024-11-16,6:00 PM,7:00 PM,Ottawa Senators,0,Carolina Hurricanes,4,Regulation
2024-11-16,7:00 PM,8:00 PM,Dallas Stars,2,Minnesota Wild,1,Regulation
2024-11-16,7:00 PM,8:00 PM,Detroit Red Wings,1,Los Angeles Kings,4,Regulation
2024-11-16,9:00 PM,10:00 PM,Chicago Blackhawks,1,Vancouver Canucks,4,Regulation
2024-11-17,4:00 PM,5:00 PM,St. Louis Blues,1,Carolina Hurricanes,4,Regulation
2024-11-17,7:00 PM,8:00 PM,Washington Capitals,5,Vegas Golden Knights,2,Regulation
2024-11-17,8:00 PM,9:00 PM,New York Rangers,2,Seattle Kraken,0,Regulation
2024-11-17,9:00 PM,10:00 PM,Nashville Predators,5,Vancouver Canucks,3,Regulation
2024-11-18,6:00 PM,7:00 PM,Columbus Blue Jackets,5,Boston Bruins,1,Regulation
2024-11-18,6:00 PM,7:00 PM,Colorado Avalanche,3,Philadelphia Flyers,2,Regulation
2024-11-18,6:30 PM,7:30 PM,Edmonton Oilers,0,Montreal Canadiens,3,Regulation
2024-11-18,7:00 PM,8:00 PM,Anaheim Ducks,4,Dallas Stars,2,Regulation
2024-11-18,8:00 PM,9:00 PM,Washington Capitals,6,Utah Hockey Club,2,Regulation
2024-11-18,9:30 PM,10:30 PM,Detroit Red Wings,4,San Jose Sharks,5,OT
2024-11-19,6:00 PM,7:00 PM,Edmonton Oilers,5,Ottawa Senators,2,Regulation
2024-11-19,6:00 PM,7:00 PM,Tampa Bay Lightning,3,Pittsburgh Penguins,2,OT
2024-11-19,7:00 PM,8:00 PM,Minnesota Wild,4,St. Louis Blues,2,Regulation
2024-11-19,7:00 PM,8:00 PM,Florida Panthers,3,Winnipeg Jets,6,Regulation
2024-11-19,7:30 PM,8:30 PM,Anaheim Ducks,3,Chicago Blackhawks,2,Regulation
2024-11-19,8:00 PM,9:00 PM,New York Islanders,1,Calgary Flames,2,SO
2024-11-19,9:00 PM,10:00 PM,New York Rangers,4,Vancouver Canucks,3,Regulation
2024-11-20,6:30 PM,7:30 PM,Vegas Golden Knights,0,Toronto Maple Leafs,3,Regulation
2024-11-20,6:30 PM,7:30 PM,Carolina Hurricanes,4,Philadelphia Flyers,1,Regulation
2024-11-20,7:00 PM,8:00 PM,San Jose Sharks,2,Dallas Stars,5,Regulation
2024-11-20,9:00 PM,10:00 PM,Nashville Predators,0,Seattle Kraken,3,Regulation
2024-11-20,9:30 PM,10:30 PM,Buffalo Sabres,1,Los Angeles Kings,0,Regulation
2024-11-21,6:00 PM,7:00 PM,Utah Hockey Club,0,Boston Bruins,1,Regulation
2024-11-21,6:00 PM,7:00 PM,Vegas Golden Knights,3,Ottawa Senators,2,Regulation
2024-11-21,6:00 PM,7:00 PM,New York Islanders,1,Detroit Red Wings,2,Regulation
2024-11-21,6:00 PM,7:00 PM,Carolina Hurricanes,2,New Jersey Devils,4,Regulation
2024-11-21,6:00 PM,7:00 PM,Colorado Avalanche,2,Washington Capitals,1,Regulation
2024-11-21,6:00 PM,7:00 PM,Tampa Bay Lightning,6,Columbus Blue Jackets,7,OT
2024-11-21,7:00 PM,8:00 PM,San Jose Sharks,2,St. Louis Blues,3,SO
2024-11-21,7:30 PM,8:30 PM,Florida Panthers,1,Chicago Blackhawks,3,Regulation
2024-11-21,8:00 PM,9:00 PM,New York Rangers,2,Calgary Flames,3,Regulation
2024-11-21,8:00 PM,9:00 PM,Minnesota Wild,5,Edmonton Oilers,3,Regulation
2024-11-22,6:00 PM,7:00 PM,Winnipeg Jets,4,Pittsburgh Penguins,1,Regulation
2024-11-22,9:00 PM,10:00 PM,Buffalo Sabres,3,Anaheim Ducks,2,OT
2024-11-23,12:00 PM,1:00 PM,Chicago Blackhawks,2,Philadelphia Flyers,3,OT
2024-11-23,3:00 PM,4:00 PM,Minnesota Wild,3,Calgary Flames,4,SO
2024-11-23,3:00 PM,4:00 PM,Seattle Kraken,1,Los Angeles Kings,2,Regulation
2024-11-23,5:00 PM,6:00 PM,Colorado Avalanche,7,Florida Panthers,4,Regulation
2024-11-23,6:00 PM,7:00 PM,Vegas Golden Knights,6,Montreal Canadiens,2,Regulation
2024-11-23,6:00 PM,7:00 PM,Vancouver Canucks,4,Ottawa Senators,3,Regulation
2024-11-23,6:00 PM,7:00 PM,Boston Bruins,2,Detroit Red Wings,1,Regulation
2024-11-23,6:00 PM,7:00 PM,Dallas Stars,4,Tampa Bay Lightning,2,Regulation
2024-11-23,6:00 PM,7:00 PM,Utah Hockey Club,6,Pittsburgh Penguins,1,Regulation
2024-11-23,6:00 PM,7:00 PM,New Jersey Devils,3,Washington Capitals,2,Regulation
2024-11-23,6:00 PM,7:00 PM,Carolina Hurricanes,4,Columbus Blue Jackets,5,SO
2024-11-23,6:00 PM,7:00 PM,Winnipeg Jets,1,Nashville Predators,4,Regulation
2024-11-23,6:30 PM,7:30 PM,St. Louis Blues,1,New York Islanders,3,Regulation
2024-11-23,7:00 PM,8:00 PM,Buffalo Sabres,4,San Jose Sharks,2,Regulation
2024-11-23,9:00 PM,10:00 PM,New York Rangers,2,Edmonton Oilers,6,Regulation
2024-11-24,6:00 PM,7:00 PM,Utah Hockey Club,2,Toronto Maple Leafs,3,Regulation
2024-11-25,6:00 PM,7:00 PM,Colorado Avalanche,2,Tampa Bay Lightning,8,Regulation
2024-11-25,6:00 PM,7:00 PM,Washington Capitals,4,Florida Panthers,1,Regulation
2024-11-25,6:00 PM,7:00 PM,Nashville Predators,2,New Jersey Devils,5,Regulation
2024-11-25,6:00 PM,7:00 PM,St. Louis Blues,5,New York Rangers,2,Regulation
2024-11-25,6:00 PM,7:00 PM,Vegas Golden Knights,5,Philadelphia Flyers,4,SO
2024-11-25,6:00 PM,7:00 PM,Dallas Stars,4,Carolina Hurricanes,6,Regulation
2024-11-25,6:30 PM,7:30 PM,Calgary Flames,3,Ottawa Senators,4,Regulation
2024-11-25,6:30 PM,7:30 PM,Detroit Red Wings,4,New York Islanders,2,Regulation
2024-11-25,7:00 PM,8:00 PM,Winnipeg Jets,4,Minnesota Wild,1,Regulation
2024-11-25,9:00 PM,10:00 PM,Seattle Kraken,3,Anaheim Ducks,2,Regulation
2024-11-25,9:30 PM,10:30 PM,Los Angeles Kings,2,San Jose Sharks,7,Regulation
2024-11-26,6:00 PM,7:00 PM,Vancouver Canucks,2,Boston Bruins,0,Regulation
2024-11-26,6:00 PM,7:00 PM,Utah Hockey Club,3,Montreal Canadiens,2,OT
2024-11-27,6:00 PM,7:00 PM,Minnesota Wild,1,Buffalo Sabres,0,Regulation
2024-11-27,6:00 PM,7:00 PM,St. Louis Blues,3,New Jersey Devils,0,Regulation
2024-11-27,6:00 PM,7:00 PM,New York Rangers,3,Carolina Hurricanes,4,Regulation
2024-11-27,6:30 PM,7:30 PM,Calgary Flames,1,Detroit Red Wings,2,OT
2024-11-27,6:30 PM,7:30 PM,Washington Capitals,5,Tampa Bay Lightning,4,Regulation
2024-11-27,6:30 PM,7:30 PM,Toronto Maple Leafs,1,Florida Panthers,5,Regulation
2024-11-27,6:30 PM,7:30 PM,Boston Bruins,6,New York Islanders,3,Regulation
2024-11-27,6:30 PM,7:30 PM,Vancouver Canucks,4,Pittsburgh Penguins,5,Regulation
2024-11-27,6:30 PM,7:30 PM,Montreal Canadiens,4,Columbus Blue Jackets,3,OT
2024-11-27,7:00 PM,8:00 PM,Philadelphia Flyers,3,Nashville Predators,2,OT
2024-11-27,7:30 PM,8:30 PM,Dallas Stars,2,Chicago Blackhawks,6,Regulation
2024-11-27,9:00 PM,10:00 PM,Vegas Golden Knights,1,Colorado Avalanche,2,SO
2024-11-27,9:00 PM,10:00 PM,Winnipeg Jets,1,Los Angeles Kings,4,Regulation
2024-11-27,9:00 PM,10:00 PM,Anaheim Ducks,5,Seattle Kraken,2,Regulation
2024-11-27,9:30 PM,10:30 PM,Ottawa Senators,4,San Jose Sharks,3,Regulation
2024-11-29,12:00 PM,1:00 PM,New York Rangers,1,Philadelphia Flyers,3,Regulation
2024-11-29,1:00 PM,2:00 PM,Chicago Blackhawks,2,Minnesota Wild,3,Regulation
2024-11-29,2:00 PM,3:00 PM,Vancouver Canucks,4,Buffalo Sabres,3,OT
2024-11-29,2:00 PM,3:00 PM,New Jersey Devils,5,Detroit Red Wings,4,Regulation
2024-11-29,2:00 PM,3:00 PM,New York Islanders,4,Washington Capitals,5,OT
2024-11-29,2:00 PM,3:00 PM,Florida Panthers,6,Carolina Hurricanes,3,Regulation
2024-11-29,2:00 PM,3:00 PM,Calgary Flames,2,Columbus Blue Jackets,5,Regulation
2024-11-29,2:00 PM,3:00 PM,Tampa Bay Lightning,3,Nashville Predators,2,OT
2024-11-29,2:30 PM,3:30 PM,Los Angeles Kings,2,Anaheim Ducks,1,Regulation
2024-11-29,2:30 PM,3:30 PM,Seattle Kraken,5,San Jose Sharks,8,Regulation
2024-11-29,5:30 PM,6:30 PM,Pittsburgh Penguins,2,Boston Bruins,1,Regulation
2024-11-29,7:30 PM,8:30 PM,Winnipeg Jets,3,Vegas Golden Knights,4,Regulation
2024-11-29,8:00 PM,9:00 PM,Colorado Avalanche,3,Dallas Stars,5,Regulation
2024-11-29,8:00 PM,9:00 PM,Edmonton Oilers,4,Utah Hockey Club,3,OT
2024-11-30,12:00 PM,1:00 PM,Montreal Canadiens,3,New York Rangers,4,Regulation
2024-11-30,3:00 PM,4:00 PM,Carolina Hurricanes,0,Florida Panthers,6,Regulation
2024-11-30,6:00 PM,7:00 PM,Toronto Maple Leafs,5,Tampa Bay Lightning,3,Regulation
2024-11-30,6:00 PM,7:00 PM,Washington Capitals,6,New Jersey Devils,5,Regulation
2024-11-30,6:00 PM,7:00 PM,Calgary Flames,2,Pittsburgh Penguins,6,Regulation
2024-11-30,6:00 PM,7:00 PM,Philadelphia Flyers,3,St. Louis Blues,2,OT
2024-11-30,6:00 PM,7:00 PM,Ottawa Senators,2,Los Angeles Kings,5,Regulation
2024-11-30,6:30 PM,7:30 PM,Buffalo Sabres,0,New York Islanders,3,Regulation
2024-11-30,7:00 PM,8:00 PM,Nashville Predators,2,Minnesota Wild,3,OT
2024-11-30,9:00 PM,10:00 PM,Edmonton Oilers,4,Colorado Avalanche,1,Regulation
2024-11-30,9:00 PM,10:00 PM,Utah Hockey Club,6,Vegas Golden Knights,0,Regulation
2024-11-30,9:00 PM,10:00 PM,San Jose Sharks,4,Seattle Kraken,2,Regulation
2024-12-01,11:30 AM,12:30 PM,Vancouver Canucks,5,Detroit Red Wings,4,OT
2024-12-01,2:00 PM,3:00 PM,Montreal Canadiens,3,Boston Bruins,6,Regulation
2024-12-01,2:00 PM,3:00 PM,Columbus Blue Jackets,6,Chicago Blackhawks,3,Regulation
2024-12-01,3:30 PM,4:30 PM,Winnipeg Jets,1,Dallas Stars,3,Regulation
2024-12-01,7:00 PM,8:00 PM,Ottawa Senators,3,Anaheim Ducks,4,SO
2024-12-02,6:00 PM,7:00 PM,New Jersey Devils,5,New York Rangers,1,Regulation
2024-12-02,6:30 PM,7:30 PM,Chicago Blackhawks,1,Toronto Maple Leafs,4,Regulation
2024-12-02,8:00 PM,9:00 PM,Dallas Stars,2,Utah Hockey Club,1,Regulation
2024-12-03,6:00 PM,7:00 PM,Detroit Red Wings,2,Boston Bruins,3,OT
2024-12-03,6:00 PM,7:00 PM,Colorado Avalanche,5,Buffalo Sabres,4,Regulation
2024-12-03,6:00 PM,7:00 PM,New York Islanders,1,Montreal Canadiens,2,OT
2024-12-03,6:00 PM,7:00 PM,Florida Panthers,4,Pittsburgh Penguins,5,OT
2024-12-03,6:00 PM,7:00 PM,San Jose Sharks,2,Washington Capitals,1,OT
2024-12-03,6:00 PM,7:00 PM,Seattle Kraken,4,Carolina Hurricanes,2,Regulation
2024-12-03,7:00 PM,8:00 PM,Vancouver Canucks,2,Minnesota Wild,3,OT
2024-12-03,7:00 PM,8:00 PM,St. Louis Blues,4,Winnipeg Jets,1,Regulation
2024-12-03,8:00 PM,9:00 PM,Columbus Blue Jackets,0,Calgary Flames,3,Regulation
2024-12-03,9:00 PM,10:00 PM,Edmonton Oilers,0,Vegas Golden Knights,1,Regulation
2024-12-04,6:30 PM,7:30 PM,Nashville Predators,2,Toronto Maple Leafs,3,Regulation
2024-12-04,6:30 PM,7:30 PM,Boston Bruins,4,Chicago Blackhawks,2,Regulation
2024-12-04,9:00 PM,10:00 PM,Vegas Golden Knights,4,Anaheim Ducks,1,Regulation
2024-12-04,9:00 PM,10:00 PM,Dallas Stars,2,Los Angeles Kings,3,Regulation
2024-12-05,6:00 PM,7:00 PM,Winnipeg Jets,3,Buffalo Sabres,2,OT
2024-12-05,6:00 PM,7:00 PM,Nashville Predators,0,Montreal Canadiens,3,Regulation
2024-12-05,6:00 PM,7:00 PM,Detroit Red Wings,1,Ottawa Senators,2,Regulation
2024-12-05,6:00 PM,7:00 PM,San Jose Sharks,1,Tampa Bay Lightning,8,Regulation
2024-12-05,6:00 PM,7:00 PM,Florida Panthers,7,Philadelphia Flyers,5,Regulation
2024-12-05,6:00 PM,7:00 PM,Colorado Avalanche,3,Carolina Hurricanes,5,Regulation
2024-12-05,6:30 PM,7:30 PM,Seattle Kraken,5,New York Islanders,2,Regulation
2024-12-05,8:00 PM,9:00 PM,St. Louis Blues,4,Calgary Flames,3,OT
2024-12-05,8:00 PM,9:00 PM,Columbus Blue Jackets,3,Edmonton Oilers,6,Regulation
2024-12-06,6:00 PM,7:00 PM,Washington Capitals,3,Toronto Maple Leafs,1,Regulation
2024-12-06,6:00 PM,7:00 PM,Seattle Kraken,2,New Jersey Devils,3,Regulation
2024-12-06,6:30 PM,7:30 PM,Pittsburgh Penguins,2,New York Rangers,4,Regulation
2024-12-06,9:00 PM,10:00 PM,Columbus Blue Jackets,2,Vancouver Canucks,5,Regulation
2024-12-06,9:00 PM,10:00 PM,Dallas Stars,2,Vegas Golden Knights,3,Regulation
2024-12-06,9:00 PM,10:00 PM,Minnesota Wild,5,Anaheim Ducks,1,Regulation
2024-12-07,12:00 PM,1:00 PM,Philadelphia Flyers,3,Boston Bruins,4,OT
2024-12-07,12:00 PM,1:00 PM,Utah Hockey Club,5,Buffalo Sabres,2,Regulation
2024-12-07,3:00 PM,4:00 PM,Winnipeg Jets,4,Chicago Blackhawks,2,Regulation
2024-12-07,4:00 PM,5:00 PM,Carolina Hurricanes,3,New York Islanders,4,Regulation
2024-12-07,5:00 PM,6:00 PM,San Jose Sharks,1,Florida Panthers,3,Regulation
2024-12-07,6:00 PM,7:00 PM,Washington Capitals,4,Montreal Canadiens,2,Regulation
2024-12-07,6:00 PM,7:00 PM,Nashville Predators,1,Ottawa Senators,3,Regulation
2024-12-07,6:00 PM,7:00 PM,Colorado Avalanche,2,Detroit Red Wings,1,Regulation
2024-12-07,6:00 PM,7:00 PM,Toronto Maple Leafs,2,Pittsburgh Penguins,5,Regulation
2024-12-07,7:00 PM,8:00 PM,Minnesota Wild,1,Los Angeles Kings,4,Regulation
2024-12-07,9:00 PM,10:00 PM,St. Louis Blues,2,Edmonton Oilers,4,Regulation
2024-12-08,12:00 PM,1:00 PM,Seattle Kraken,7,New York Rangers,5,Regulation
2024-12-08,3:00 PM,4:00 PM,Tampa Bay Lightning,4,Vancouver Canucks,2,Regulation
2024-12-08,4:00 PM,5:00 PM,New York Islanders,4,Ottawa Senators,2,Regulation
2024-12-08,5:00 PM,6:00 PM,Columbus Blue Jackets,4,Winnipeg Jets,1,Regulation
2024-12-08,6:00 PM,7:00 PM,Colorado Avalanche,4,New Jersey Devils,0,Regulation
2024-12-08,6:30 PM,7:30 PM,Utah Hockey Club,4,Philadelphia Flyers,2,Regulation
2024-12-08,7:00 PM,8:00 PM,Calgary Flames,2,Dallas Stars,6,Regulation
2024-12-09,6:00 PM,7:00 PM,Detroit Red Wings,6,Buffalo Sabres,5,SO
2024-12-09,6:00 PM,7:00 PM,Chicago Blackhawks,2,New York Rangers,1,Regulation
2024-12-09,6:30 PM,7:30 PM,Anaheim Ducks,2,Montreal Canadiens,3,SO
2024-12-10,6:00 PM,7:00 PM,Toronto Maple Leafs,2,New Jersey Devils,1,OT
2024-12-10,6:00 PM,7:00 PM,Colorado Avalanche,6,Pittsburgh Penguins,2,Regulation
2024-12-10,6:00 PM,7:00 PM,San Jose Sharks,2,Carolina Hurricanes,3,Regulation
2024-12-10,6:00 PM,7:00 PM,Philadelphia Flyers,5,Columbus Blue Jackets,3,Regulation
2024-12-10,6:30 PM,7:30 PM,Los Angeles Kings,3,New York Islanders,1,Regulation
2024-12-10,7:00 PM,8:00 PM,Calgary Flames,4,Nashville Predators,3,Regulation
2024-12-10,7:00 PM,8:00 PM,Boston Bruins,1,Winnipeg Jets,8,Regulation
2024-12-10,8:00 PM,9:00 PM,Tampa Bay Lightning,1,Edmonton Oilers,2,Regulation
2024-12-10,8:30 PM,9:30 PM,Minnesota Wild,5,Utah Hockey Club,4,SO
2024-12-10,9:00 PM,10:00 PM,St. Louis Blues,4,Vancouver Canucks,3,OT
2024-12-10,9:00 PM,10:00 PM,Florida Panthers,2,Seattle Kraken,1,SO
2024-12-11,6:00 PM,7:00 PM,New York Rangers,3,Buffalo Sabres,2,Regulation
2024-12-11,6:30 PM,7:30 PM,Anaheim Ducks,1,Ottawa Senators,5,Regulation
2024-12-12,6:00 PM,7:00 PM,Anaheim Ducks,2,Toronto Maple Leafs,3,Regulation
2024-12-12,6:00 PM,7:00 PM,Pittsburgh Penguins,9,Montreal Canadiens,2,Regulation
2024-12-12,6:00 PM,7:00 PM,Los Angeles Kings,1,New Jersey Devils,3,Regulation
2024-12-12,6:00 PM,7:00 PM,Detroit Red Wings,1,Philadelphia Flyers,4,Regulation
2024-12-12,6:00 PM,7:00 PM,Washington Capitals,2,Columbus Blue Jackets,1,OT
2024-12-12,6:30 PM,7:30 PM,Chicago Blackhawks,4,New York Islanders,5,Regulation
2024-12-12,7:00 PM,8:00 PM,San Jose Sharks,4,St. Louis Blues,3,Regulation
2024-12-12,7:00 PM,8:00 PM,Nashville Predators,4,Dallas Stars,1,Regulation
2024-12-12,7:00 PM,8:00 PM,Vegas Golden Knights,3,Winnipeg Jets,2,OT
2024-12-12,7:30 PM,8:30 PM,Edmonton Oilers,7,Minnesota Wild,1,Regulation
2024-12-12,8:00 PM,9:00 PM,Utah Hockey Club,4,Colorado Avalanche,1,Regulation
2024-12-12,8:00 PM,9:00 PM,Tampa Bay Lightning,8,Calgary Flames,3,Regulation
2024-12-12,9:00 PM,10:00 PM,Florida Panthers,0,Vancouver Canucks,4,Regulation
2024-12-12,9:00 PM,10:00 PM,Boston Bruins,1,Seattle Kraken,5,Regulation
2024-12-13,6:00 PM,7:00 PM,Ottawa Senators,3,Carolina Hurricanes,0,Regulation
2024-12-14,12:00 PM,1:00 PM,Chicago Blackhawks,1,New Jersey Devils,4,Regulation
2024-12-14,12:00 PM,1:00 PM,Los Angeles Kings,5,New York Rangers,1,Regulation
2024-12-14,1:00 PM,2:00 PM,Philadelphia Flyers,1,Minnesota Wild,4,Regulation
2024-12-14,3:00 PM,4:00 PM,Vegas Golden Knights,3,Edmonton Oilers,6,Regulation
2024-12-14,6:00 PM,7:00 PM,Pittsburgh Penguins,2,Ottawa Senators,3,OT
2024-12-14,6:00 PM,7:00 PM,Toronto Maple Leafs,2,Detroit Red Wings,4,Regulation
2024-12-14,6:00 PM,7:00 PM,Buffalo Sabres,2,Washington Capitals,4,Regulation
2024-12-14,6:00 PM,7:00 PM,Anaheim Ducks,4,Columbus Blue Jackets,3,OT
2024-12-14,6:00 PM,7:00 PM,Montreal Canadiens,2,Winnipeg Jets,4,Regulation
2024-12-14,7:00 PM,8:00 PM,St. Louis Blues,1,Dallas Stars,2,OT
2024-12-14,8:00 PM,9:00 PM,Nashville Predators,2,Colorado Avalanche,5,Regulation
2024-12-14,9:00 PM,10:00 PM,Florida Panthers,0,Calgary Flames,3,Regulation
2024-12-14,9:00 PM,10:00 PM,Boston Bruins,5,Vancouver Canucks,1,Regulation
2024-12-14,9:00 PM,10:00 PM,Utah Hockey Club,4,San Jose Sharks,3,Regulation
2024-12-14,9:00 PM,10:00 PM,Tampa Bay Lightning,5,Seattle Kraken,1,Regulation
2024-12-15,2:00 PM,3:00 PM,New York Islanders,3,Chicago Blackhawks,5,Regulation
2024-12-15,4:00 PM,5:00 PM,Buffalo Sabres,3,Toronto Maple Leafs,5,Regulation
2024-12-15,4:00 PM,5:00 PM,Columbus Blue Jackets,1,Carolina Hurricanes,4,Regulation
2024-12-15,5:00 PM,6:00 PM,New York Rangers,2,St. Louis Blues,3,Regulation
2024-12-15,5:00 PM,6:00 PM,Vegas Golden Knights,3,Minnesota Wild,2,Regulation
2024-12-16,7:00 PM,8:00 PM,Washington Capitals,,Dallas Stars,,Scheduled
2024-12-16,7:30 PM,8:30 PM,Florida Panthers,,Edmonton Oilers,,Scheduled
2024-12-16,9:30 PM,10:30 PM,Colorado Avalanche,,Vancouver Canucks,,Scheduled
2024-12-17,6:00 PM,7:00 PM,Buffalo Sabres,,Montreal Canadiens,,Scheduled
2024-12-17,6:00 PM,7:00 PM,Columbus Blue Jackets,,Tampa Bay Lightning,,Scheduled
2024-12-17,6:00 PM,7:00 PM,Los Angeles Kings,,Pittsburgh Penguins,,Scheduled
2024-12-17,6:30 PM,7:30 PM,New York Islanders,,Carolina Hurricanes,,Scheduled
2024-12-17,7:00 PM,8:00 PM,New Jersey Devils,,St. Louis Blues,,Scheduled
2024-12-17,7:00 PM,8:00 PM,New York Rangers,,Nashville Predators,,Scheduled
2024-12-17,7:30 PM,8:30 PM,Washington Capitals,,Chicago Blackhawks,,Scheduled
2024-12-17,8:00 PM,9:00 PM,Boston Bruins,,Calgary Flames,,Scheduled
2024-12-17,9:00 PM,10:00 PM,Ottawa Senators,,Seattle Kraken,,Scheduled
2024-12-17,9:30 PM,10:30 PM,Winnipeg Jets,,San Jose Sharks,,Scheduled
2024-12-18,6:00 PM,7:00 PM,Philadelphia Flyers,,Detroit Red Wings,,Scheduled
2024-12-18,6:30 PM,7:30 PM,Toronto Maple Leafs,,Dallas Stars,,Scheduled
2024-12-18,8:30 PM,9:30 PM,Florida Panthers,,Minnesota Wild,,Scheduled
2024-12-18,9:00 PM,10:00 PM,Vancouver Canucks,,Utah Hockey Club,,Scheduled
2024-12-18,9:00 PM,10:00 PM,Winnipeg Jets,,Anaheim Ducks,,Scheduled
2024-12-19,6:00 PM,7:00 PM,St. Louis Blues,,Tampa Bay Lightning,,Scheduled
2024-12-19,6:00 PM,7:00 PM,New Jersey Devils,,Columbus Blue Jackets,,Scheduled
2024-12-19,6:30 PM,7:30 PM,Los Angeles Kings,,Philadelphia Flyers,,Scheduled
2024-12-19,7:00 PM,8:00 PM,Pittsburgh Penguins,,Nashville Predators,,Scheduled
2024-12-19,7:30 PM,8:30 PM,Seattle Kraken,,Chicago Blackhawks,,Scheduled
2024-12-19,8:00 PM,9:00 PM,Ottawa Senators,,Calgary Flames,,Scheduled
2024-12-19,8:00 PM,9:00 PM,Boston Bruins,,Edmonton Oilers,,Scheduled
2024-12-19,9:00 PM,10:00 PM,Vancouver Canucks,,Vegas Golden Knights,,Scheduled
2024-12-19,9:30 PM,10:30 PM,Colorado Avalanche,,San Jose Sharks,,Scheduled
2024-12-20,6:00 PM,7:00 PM,Toronto Maple Leafs,,Buffalo Sabres,,Scheduled
2024-12-20,6:00 PM,7:00 PM,Montreal Canadiens,,Detroit Red Wings,,Scheduled
2024-12-20,6:00 PM,7:00 PM,St. Louis Blues,,Florida Panthers,,Scheduled
2024-12-20,6:00 PM,7:00 PM,Carolina Hurricanes,,Washington Capitals,,Scheduled
2024-12-20,7:00 PM,8:00 PM,New York Rangers,,Dallas Stars,,Scheduled
2024-12-20,7:00 PM,8:00 PM,Utah Hockey Club,,Minnesota Wild,,Scheduled
2024-12-20,9:00 PM,10:00 PM,Colorado Avalanche,,Anaheim Ducks,,Scheduled
2024-12-21,12:30 PM,1:30 PM,Los Angeles Kings,,Nashville Predators,,Scheduled
2024-12-21,3:00 PM,4:00 PM,Chicago Blackhawks,,Calgary Flames,,Scheduled
2024-12-21,3:00 PM,4:00 PM,San Jose Sharks,,Edmonton Oilers,,Scheduled
2024-12-21,6:00 PM,7:00 PM,Buffalo Sabres,,Boston Bruins,,Scheduled
2024-12-21,6:00 PM,7:00 PM,New York Islanders,,Toronto Maple Leafs,,Scheduled
2024-12-21,6:00 PM,7:00 PM,Detroit Red Wings,,Montreal Canadiens,,Scheduled
2024-12-21,6:00 PM,7:00 PM,Pittsburgh Penguins,,New Jersey Devils,,Scheduled
2024-12-21,6:00 PM,7:00 PM,Columbus Blue Jackets,,Philadelphia Flyers,,Scheduled
2024-12-21,6:00 PM,7:00 PM,Minnesota Wild,,Winnipeg Jets,,Scheduled
2024-12-21,9:00 PM,10:00 PM,Ottawa Senators,,Vancouver Canucks,,Scheduled
2024-12-21,9:00 PM,10:00 PM,Seattle Kraken,,Vegas Golden Knights,,Scheduled
2024-12-22,11:30 AM,12:30 PM,Carolina Hurricanes,,New York Rangers,,Scheduled
2024-12-22,4:00 PM,5:00 PM,Florida Panthers,,Tampa Bay Lightning,,Scheduled
2024-12-22,4:00 PM,5:00 PM,Los Angeles Kings,,Washington Capitals,,Scheduled
2024-12-22,4:00 PM,5:00 PM,Anaheim Ducks,,Utah Hockey Club,,Scheduled
2024-12-22,7:00 PM,8:00 PM,Seattle Kraken,,Colorado Avalanche,,Scheduled
2024-12-22,7:00 PM,8:00 PM,Ottawa Senators,,Edmonton Oilers,,Scheduled
2024-12-23,12:00 PM,1:00 PM,New York Rangers,,New Jersey Devils,,Scheduled
2024-12-23,1:00 PM,2:00 PM,Winnipeg Jets,,Toronto Maple Leafs,,Scheduled
2024-12-23,6:00 PM,7:00 PM,Washington Capitals,,Boston Bruins,,Scheduled
2024-12-23,6:00 PM,7:00 PM,St. Louis Blues,,Detroit Red Wings,,Scheduled
2024-12-23,6:00 PM,7:00 PM,Tampa Bay Lightning,,Florida Panthers,,Scheduled
2024-12-23,6:00 PM,7:00 PM,Philadelphia Flyers,,Pittsburgh Penguins,,Scheduled
2024-12-23,6:00 PM,7:00 PM,Montreal Canadiens,,Columbus Blue Jackets,,Scheduled
2024-12-23,6:30 PM,7:30 PM,Buffalo Sabres,,New York Islanders,,Scheduled
2024-12-23,7:00 PM,8:00 PM,Carolina Hurricanes,,Nashville Predators,,Scheduled
2024-12-23,7:00 PM,8:00 PM,Chicago Blackhawks,,Minnesota Wild,,Scheduled
2024-12-23,8:00 PM,9:00 PM,San Jose Sharks,,Vancouver Canucks,,Scheduled
2024-12-23,8:00 PM,9:00 PM,Dallas Stars,,Utah Hockey Club,,Scheduled
2024-12-23,9:00 PM,10:00 PM,Anaheim Ducks,,Vegas Golden Knights,,Scheduled
2024-12-27,6:00 PM,7:00 PM,Chicago Blackhawks,,Buffalo Sabres,,Scheduled
2024-12-27,6:00 PM,7:00 PM,Toronto Maple Leafs,,Detroit Red Wings,,Scheduled
2024-12-27,6:00 PM,7:00 PM,Carolina Hurricanes,,New Jersey Devils,,Scheduled
2024-12-27,6:00 PM,7:00 PM,Boston Bruins,,Columbus Blue Jackets,,Scheduled
2024-12-27,7:00 PM,8:00 PM,Nashville Predators,,St. Louis Blues,,Scheduled
2024-12-27,7:00 PM,8:00 PM,Minnesota Wild,,Dallas Stars,,Scheduled
2024-12-27,8:30 PM,9:30 PM,Colorado Avalanche,,Utah Hockey Club,,Scheduled
2024-12-27,9:30 PM,10:30 PM,Vegas Golden Knights,,San Jose Sharks,,Scheduled
2024-12-28,12:00 PM,1:00 PM,Montreal Canadiens,,Florida Panthers,,Scheduled
2024-12-28,3:00 PM,4:00 PM,Seattle Kraken,,Vancouver Canucks,,Scheduled
2024-12-28,3:00 PM,4:00 PM,Philadelphia Flyers,,Anaheim Ducks,,Scheduled
2024-12-28,3:00 PM,4:00 PM,Edmonton Oilers,,Los Angeles Kings,,Scheduled
2024-12-28,6:00 PM,7:00 PM,Columbus Blue Jackets,,Boston Bruins,,Scheduled
2024-12-28,6:00 PM,7:00 PM,Washington Capitals,,Toronto Maple Leafs,,Scheduled
2024-12-28,6:00 PM,7:00 PM,New York Rangers,,Tampa Bay Lightning,,Scheduled
2024-12-28,6:00 PM,7:00 PM,New Jersey Devils,,Carolina Hurricanes,,Scheduled
2024-12-28,6:00 PM,7:00 PM,Ottawa Senators,,Winnipeg Jets,,Scheduled
2024-12-28,6:30 PM,7:30 PM,Pittsburgh Penguins,,New York Islanders,,Scheduled
2024-12-28,9:00 PM,10:00 PM,Calgary Flames,,San Jose Sharks,,Scheduled
2024-12-29,2:00 PM,3:00 PM,Buffalo Sabres,,St. Louis Blues,,Scheduled
2024-12-29,3:00 PM,4:00 PM,Edmonton Oilers,,Anaheim Ducks,,Scheduled
2024-12-29,4:00 PM,5:00 PM,Washington Capitals,,Detroit Red Wings,,Scheduled
2024-12-29,4:00 PM,5:00 PM,Montreal Canadiens,,Tampa Bay Lightning,,Scheduled
2024-12-29,4:30 PM,5:30 PM,New York Islanders,,Pittsburgh Penguins,,Scheduled
2024-12-29,7:00 PM,8:00 PM,Ottawa Senators,,Minnesota Wild,,Scheduled
2024-12-29,7:00 PM,8:00 PM,Calgary Flames,,Vegas Golden Knights,,Scheduled
2024-12-29,7:30 PM,8:30 PM,Dallas Stars,,Chicago Blackhawks,,Scheduled
2024-12-29,8:00 PM,9:00 PM,Philadelphia Flyers,,Los Angeles Kings,,Scheduled
2024-12-30,6:00 PM,7:00 PM,New York Rangers,,Florida Panthers,,Scheduled
2024-12-30,6:30 PM,7:30 PM,Nashville Predators,,Winnipeg Jets,,Scheduled
2024-12-30,7:00 PM,8:00 PM,Utah Hockey Club,,Seattle Kraken,,Scheduled
2024-12-31,11:30 AM,12:30 PM,Boston Bruins,,Washington Capitals,,Scheduled
2024-12-31,12:00 PM,1:00 PM,New York Islanders,,Toronto Maple Leafs,,Scheduled
2024-12-31,2:00 PM,3:00 PM,Montreal Canadiens,,Vegas Golden Knights,,Scheduled
2024-12-31,4:00 PM,5:00 PM,St. Louis Blues,,Chicago Blackhawks,,Scheduled
2024-12-31,7:00 PM,8:00 PM,Pittsburgh Penguins,,Detroit Red Wings,,Scheduled
2024-12-31,7:00 PM,8:00 PM,Carolina Hurricanes,,Columbus Blue Jackets,,Scheduled
2024-12-31,7:00 PM,8:00 PM,Buffalo Sabres,,Dallas Stars,,Scheduled
2024-12-31,7:00 PM,8:00 PM,Nashville Predators,,Minnesota Wild,,Scheduled
2024-12-31,7:00 PM,8:00 PM,Winnipeg Jets,,Colorado Avalanche,,Scheduled
2024-12-31,7:00 PM,8:00 PM,New Jersey Devils,,Anaheim Ducks,,Scheduled
2024-12-31,7:00 PM,8:00 PM,Philadelphia Flyers,,San Jose Sharks,,Scheduled
2024-12-31,8:00 PM,9:00 PM,Vancouver Canucks,,Calgary Flames,,Scheduled
2024-12-31,8:00 PM,9:00 PM,Utah Hockey Club,,Edmonton Oilers,,Scheduled
2025-01-01,5:00 PM,6:00 PM,New Jersey Devils,,Los Angeles Kings,,Scheduled
2025-01-02,6:00 PM,7:00 PM,Carolina Hurricanes,,Florida Panthers,,Scheduled
2025-01-02,6:00 PM,7:00 PM,Boston Bruins,,New York Rangers,,Scheduled
2025-01-02,6:00 PM,7:00 PM,Minnesota Wild,,Washington Capitals,,Scheduled
2025-01-02,6:00 PM,7:00 PM,Detroit Red Wings,,Columbus Blue Jackets,,Scheduled
2025-01-02,6:30 PM,7:30 PM,Toronto Maple Leafs,,New York Islanders,,Scheduled
2025-01-02,7:00 PM,8:00 PM,Ottawa Senators,,Dallas Stars,,Scheduled
2025-01-02,7:00 PM,8:00 PM,Anaheim Ducks,,Winnipeg Jets,,Scheduled
2025-01-02,8:00 PM,9:00 PM,Buffalo Sabres,,Colorado Avalanche,,Scheduled
2025-01-02,8:00 PM,9:00 PM,Utah Hockey Club,,Calgary Flames,,Scheduled
2025-01-02,9:00 PM,10:00 PM,Philadelphia Flyers,,Vegas Golden Knights,,Scheduled
2025-01-02,9:00 PM,10:00 PM,Vancouver Canucks,,Seattle Kraken,,Scheduled
2025-01-02,9:30 PM,10:30 PM,Tampa Bay Lightning,,San Jose Sharks,,Scheduled
2025-01-03,6:00 PM,7:00 PM,Pittsburgh Penguins,,Florida Panthers,,Scheduled
2025-01-03,7:00 PM,8:00 PM,Montreal Canadiens,,Chicago Blackhawks,,Scheduled
2025-01-03,7:00 PM,8:00 PM,Ottawa Senators,,St. Louis Blues,,Scheduled
2025-01-03,8:00 PM,9:00 PM,Anaheim Ducks,,Edmonton Oilers,,Scheduled
2025-01-03,9:00 PM,10:00 PM,Nashville Predators,,Vancouver Canucks,,Scheduled
2025-01-04,11:00 AM,12:00 PM,New York Rangers,,Washington Capitals,,Scheduled
2025-01-04,3:00 PM,4:00 PM,New Jersey Devils,,San Jose Sharks,,Scheduled
2025-01-04,6:00 PM,7:00 PM,Detroit Red Wings,,Winnipeg Jets,,Scheduled
2025-01-04,6:00 PM,7:00 PM,Boston Bruins,,Toronto Maple Leafs,,Scheduled
2025-01-04,6:00 PM,7:00 PM,Minnesota Wild,,Carolina Hurricanes,,Scheduled
2025-01-04,6:00 PM,7:00 PM,St. Louis Blues,,Columbus Blue Jackets,,Scheduled
2025-01-04,6:00 PM,7:00 PM,Montreal Canadiens,,Colorado Avalanche,,Scheduled
2025-01-04,7:00 PM,8:00 PM,Utah Hockey Club,,Dallas Stars,,Scheduled
2025-01-04,8:00 PM,9:00 PM,Tampa Bay Lightning,,Los Angeles Kings,,Scheduled
2025-01-04,9:00 PM,10:00 PM,Nashville Predators,,Calgary Flames,,Scheduled
2025-01-04,9:00 PM,10:00 PM,Buffalo Sabres,,Vegas Golden Knights,,Scheduled
2025-01-04,9:00 PM,10:00 PM,Edmonton Oilers,,Seattle Kraken,,Scheduled
2025-01-05,2:00 PM,3:00 PM,New York Rangers,,Chicago Blackhawks,,Scheduled
2025-01-05,5:00 PM,6:00 PM,New York Islanders,,Boston Bruins,,Scheduled
2025-01-05,5:00 PM,6:00 PM,Pittsburgh Penguins,,Carolina Hurricanes,,Scheduled
2025-01-05,6:00 PM,7:00 PM,Philadelphia Flyers,,Toronto Maple Leafs,,Scheduled
2025-01-05,7:00 PM,8:00 PM,Tampa Bay Lightning,,Anaheim Ducks,,Scheduled
2025-01-06,6:00 PM,7:00 PM,Washington Capitals,,Buffalo Sabres,,Scheduled
2025-01-06,6:30 PM,7:30 PM,Vancouver Canucks,,Montreal Canadiens,,Scheduled
2025-01-06,8:00 PM,9:00 PM,Florida Panthers,,Colorado Avalanche,,Scheduled
2025-01-06,9:00 PM,10:00 PM,New Jersey Devils,,Seattle Kraken,,Scheduled
2025-01-07,6:00 PM,7:00 PM,Carolina Hurricanes,,Tampa Bay Lightning,,Scheduled
2025-01-07,6:00 PM,7:00 PM,Edmonton Oilers,,Boston Bruins,,Scheduled
2025-01-07,6:00 PM,7:00 PM,Ottawa Senators,,Detroit Red Wings,,Scheduled
2025-01-07,6:00 PM,7:00 PM,Dallas Stars,,New York Rangers,,Scheduled
2025-01-07,6:00 PM,7:00 PM,Columbus Blue Jackets,,Pittsburgh Penguins,,Scheduled
2025-01-07,6:30 PM,7:30 PM,Toronto Maple Leafs,,Philadelphia Flyers,,Scheduled
2025-01-07,7:00 PM,8:00 PM,St. Louis Blues,,Minnesota Wild,,Scheduled
2025-01-07,7:00 PM,8:00 PM,Nashville Predators,,Winnipeg Jets,,Scheduled
2025-01-07,9:00 PM,10:00 PM,Calgary Flames,,Anaheim Ducks,,Scheduled
2025-01-07,9:30 PM,10:30 PM,Vegas Golden Knights,,San Jose Sharks,,Scheduled
2025-01-08,6:30 PM,7:30 PM,Vancouver Canucks,,Washington Capitals,,Scheduled
2025-01-08,6:30 PM,7:30 PM,Colorado Avalanche,,Chicago Blackhawks,,Scheduled
2025-01-08,9:00 PM,10:00 PM,Florida Panthers,,Utah Hockey Club,,Scheduled
2025-01-08,9:30 PM,10:30 PM,Calgary Flames,,Los Angeles Kings,,Scheduled
2025-01-09,6:00 PM,7:00 PM,Buffalo Sabres,,Ottawa Senators,,Scheduled
2025-01-09,6:00 PM,7:00 PM,Boston Bruins,,Tampa Bay Lightning,,Scheduled
2025-01-09,6:00 PM,7:00 PM,New Jersey Devils,,New York Rangers,,Scheduled
2025-01-09,6:00 PM,7:00 PM,Dallas Stars,,Philadelphia Flyers,,Scheduled
2025-01-09,6:00 PM,7:00 PM,Edmonton Oilers,,Pittsburgh Penguins,,Scheduled
2025-01-09,6:00 PM,7:00 PM,Seattle Kraken,,Columbus Blue Jackets,,Scheduled
2025-01-09,6:30 PM,7:30 PM,Toronto Maple Leafs,,Carolina Hurricanes,,Scheduled
2025-01-09,7:00 PM,8:00 PM,Anaheim Ducks,,St. Louis Blues,,Scheduled
2025-01-09,7:00 PM,8:00 PM,Colorado Avalanche,,Minnesota Wild,,Scheduled
2025-01-09,9:00 PM,10:00 PM,New York Islanders,,Vegas Golden Knights,,Scheduled
2025-01-10,6:00 PM,7:00 PM,Chicago Blackhawks,,Detroit Red Wings,,Scheduled
2025-01-10,6:00 PM,7:00 PM,Montreal Canadiens,,Washington Capitals,,Scheduled
2025-01-10,6:00 PM,7:00 PM,Vancouver Canucks,,Carolina Hurricanes,,Scheduled
2025-01-10,7:00 PM,8:00 PM,Los Angeles Kings,,Winnipeg Jets,,Scheduled
2025-01-10,8:00 PM,9:00 PM,San Jose Sharks,,Utah Hockey Club,,Scheduled
2025-01-11,12:00 PM,1:00 PM,Boston Bruins,,Florida Panthers,,Scheduled
2025-01-11,3:00 PM,4:00 PM,Seattle Kraken,,Buffalo Sabres,,Scheduled
2025-01-11,3:00 PM,4:00 PM,Ottawa Senators,,Pittsburgh Penguins,,Scheduled
2025-01-11,6:00 PM,7:00 PM,Vancouver Canucks,,Toronto Maple Leafs,,Scheduled
2025-01-11,6:00 PM,7:00 PM,Dallas Stars,,Montreal Canadiens,,Scheduled
2025-01-11,6:00 PM,7:00 PM,Tampa Bay Lightning,,New Jersey Devils,,Scheduled
2025-01-11,6:00 PM,7:00 PM,Anaheim Ducks,,Philadelphia Flyers,,Scheduled
2025-01-11,6:00 PM,7:00 PM,Edmonton Oilers,,Chicago Blackhawks,,Scheduled
2025-01-11,6:00 PM,7:00 PM,Columbus Blue Jackets,,St. Louis Blues,,Scheduled
2025-01-11,6:00 PM,7:00 PM,Colorado Avalanche,,Winnipeg Jets,,Scheduled
2025-01-11,7:00 PM,8:00 PM,Washington Capitals,,Nashville Predators,,Scheduled
2025-01-11,8:00 PM,9:00 PM,New York Islanders,,Utah Hockey Club,,Scheduled
2025-01-11,9:00 PM,10:00 PM,Los Angeles Kings,,Calgary Flames,,Scheduled
2025-01-11,9:00 PM,10:00 PM,New York Rangers,,Vegas Golden Knights,,Scheduled
2025-01-11,9:00 PM,10:00 PM,Minnesota Wild,,San Jose Sharks,,Scheduled
2025-01-12,2:00 PM,3:00 PM,Seattle Kraken,,Detroit Red Wings,,Scheduled
2025-01-12,4:00 PM,5:00 PM,Dallas Stars,,Ottawa Senators,,Scheduled
2025-01-12,4:00 PM,5:00 PM,Tampa Bay Lightning,,Pittsburgh Penguins,,Scheduled
2025-01-12,4:00 PM,5:00 PM,Anaheim Ducks,,Carolina Hurricanes,,Scheduled
2025-01-12,7:00 PM,8:00 PM,Minnesota Wild,,Vegas Golden Knights,,Scheduled
2025-01-13,6:00 PM,7:00 PM,Florida Panthers,,Philadelphia Flyers,,Scheduled
2025-01-13,6:30 PM,7:30 PM,Calgary Flames,,Chicago Blackhawks,,Scheduled
2025-01-13,8:30 PM,9:30 PM,Los Angeles Kings,,Edmonton Oilers,,Scheduled
2025-01-14,6:00 PM,7:00 PM,Tampa Bay Lightning,,Boston Bruins,,Scheduled
2025-01-14,6:00 PM,7:00 PM,Dallas Stars,,Toronto Maple Leafs,,Scheduled
2025-01-14,6:00 PM,7:00 PM,San Jose Sharks,,Detroit Red Wings,,Scheduled
2025-01-14,6:00 PM,7:00 PM,Seattle Kraken,,Pittsburgh Penguins,,Scheduled
2025-01-14,6:00 PM,7:00 PM,Anaheim Ducks,,Washington Capitals,,Scheduled
2025-01-14,6:00 PM,7:00 PM,Philadelphia Flyers,,Columbus Blue Jackets,,Scheduled
2025-01-14,6:30 PM,7:30 PM,Florida Panthers,,New Jersey Devils,,Scheduled
2025-01-14,6:30 PM,7:30 PM,Ottawa Senators,,New York Islanders,,Scheduled
2025-01-14,7:00 PM,8:00 PM,Calgary Flames,,St. Louis Blues,,Scheduled
2025-01-14,7:00 PM,8:00 PM,Vegas Golden Knights,,Nashville Predators,,Scheduled
2025-01-14,7:00 PM,8:00 PM,Vancouver Canucks,,Winnipeg Jets,,Scheduled
2025-01-14,8:00 PM,9:00 PM,New York Rangers,,Colorado Avalanche,,Scheduled
2025-01-14,8:00 PM,9:00 PM,Montreal Canadiens,,Utah Hockey Club,,Scheduled
2025-01-15,5:00 PM,6:00 PM,Carolina Hurricanes,,Buffalo Sabres,,Scheduled
2025-01-15,7:30 PM,8:30 PM,Edmonton Oilers,,Minnesota Wild,,Scheduled
2025-01-16,6:00 PM,7:00 PM,New Jersey Devils,,Toronto Maple Leafs,,Scheduled
2025-01-16,6:00 PM,7:00 PM,Washington Capitals,,Ottawa Senators,,Scheduled
2025-01-16,6:00 PM,7:00 PM,Anaheim Ducks,,Tampa Bay Lightning,,Scheduled
2025-01-16,6:00 PM,7:00 PM,Detroit Red Wings,,Florida Panthers,,Scheduled
2025-01-16,6:00 PM,7:00 PM,San Jose Sharks,,Columbus Blue Jackets,,Scheduled
2025-01-16,6:30 PM,7:30 PM,Philadelphia Flyers,,New York Islanders,,Scheduled
2025-01-16,7:00 PM,8:00 PM,Calgary Flames,,St. Louis Blues,,Scheduled
2025-01-16,7:00 PM,8:00 PM,Chicago Blackhawks,,Nashville Predators,,Scheduled
2025-01-16,7:00 PM,8:00 PM,Montreal Canadiens,,Dallas Stars,,Scheduled
2025-01-16,7:00 PM,8:00 PM,Seattle Kraken,,Winnipeg Jets,,Scheduled
2025-01-16,8:00 PM,9:00 PM,New York Rangers,,Utah Hockey Club,,Scheduled
2025-01-16,8:30 PM,9:30 PM,Edmonton Oilers,,Colorado Avalanche,,Scheduled
2025-01-16,9:00 PM,10:00 PM,Los Angeles Kings,,Vancouver Canucks,,Scheduled
2025-01-17,6:00 PM,7:00 PM,Pittsburgh Penguins,,Buffalo Sabres,,Scheduled
2025-01-17,6:00 PM,7:00 PM,Vegas Golden Knights,,Carolina Hurricanes,,Scheduled
2025-01-18,11:30 AM,12:30 PM,Philadelphia Flyers,,New Jersey Devils,,Scheduled
2025-01-18,2:00 PM,3:00 PM,Boston Bruins,,Ottawa Senators,,Scheduled
2025-01-18,3:00 PM,4:00 PM,Dallas Stars,,Colorado Avalanche,,Scheduled
2025-01-18,5:00 PM,6:00 PM,Anaheim Ducks,,Florida Panthers,,Scheduled
2025-01-18,6:00 PM,7:00 PM,Toronto Maple Leafs,,Montreal Canadiens,,Scheduled
2025-01-18,6:00 PM,7:00 PM,Detroit Red Wings,,Tampa Bay Lightning,,Scheduled
2025-01-18,6:00 PM,7:00 PM,Columbus Blue Jackets,,New York Rangers,,Scheduled
2025-01-18,6:00 PM,7:00 PM,Pittsburgh Penguins,,Washington Capitals,,Scheduled
2025-01-18,6:00 PM,7:00 PM,Calgary Flames,,Winnipeg Jets,,Scheduled
2025-01-18,6:30 PM,7:30 PM,San Jose Sharks,,New York Islanders,,Scheduled
2025-01-18,7:00 PM,8:00 PM,Vegas Golden Knights,,Chicago Blackhawks,,Scheduled
2025-01-18,7:00 PM,8:00 PM,Minnesota Wild,,Nashville Predators,,Scheduled
2025-01-18,8:00 PM,9:00 PM,St. Louis Blues,,Utah Hockey Club,,Scheduled
2025-01-18,9:00 PM,10:00 PM,Edmonton Oilers,,Vancouver Canucks,,Scheduled
2025-01-18,9:00 PM,10:00 PM,Los Angeles Kings,,Seattle Kraken,,Scheduled
2025-01-19,12:00 PM,1:00 PM,Ottawa Senators,,New Jersey Devils,,Scheduled
2025-01-19,6:00 PM,7:00 PM,New York Rangers,,Montreal Canadiens,,Scheduled
2025-01-19,7:00 PM,8:00 PM,Detroit Red Wings,,Dallas Stars,,Scheduled
2025-01-20,12:00 PM,1:00 PM,San Jose Sharks,,Boston Bruins,,Scheduled
2025-01-20,2:00 PM,3:00 PM,Minnesota Wild,,Colorado Avalanche,,Scheduled
2025-01-20,3:00 PM,4:00 PM,Buffalo Sabres,,Seattle Kraken,,Scheduled
2025-01-20,5:00 PM,6:00 PM,St. Louis Blues,,Vegas Golden Knights,,Scheduled
2025-01-20,6:30 PM,7:30 PM,Tampa Bay Lightning,,Toronto Maple Leafs,,Scheduled
2025-01-20,6:30 PM,7:30 PM,Columbus Blue Jackets,,New York Islanders,,Scheduled
2025-01-20,7:30 PM,8:30 PM,Carolina Hurricanes,,Chicago Blackhawks,,Scheduled
2025-01-20,8:30 PM,9:30 PM,Winnipeg Jets,,Utah Hockey Club,,Scheduled
2025-01-20,9:30 PM,10:30 PM,Pittsburgh Penguins,,Los Angeles Kings,,Scheduled
2025-01-21,6:00 PM,7:00 PM,Tampa Bay Lightning,,Montreal Canadiens,,Scheduled
2025-01-21,6:00 PM,7:00 PM,Ottawa Senators,,New York Rangers,,Scheduled
2025-01-21,6:00 PM,7:00 PM,Detroit Red Wings,,Philadelphia Flyers,,Scheduled
2025-01-21,7:00 PM,8:00 PM,San Jose Sharks,,Nashville Predators,,Scheduled
2025-01-21,7:00 PM,8:00 PM,Carolina Hurricanes,,Dallas Stars,,Scheduled
2025-01-21,8:00 PM,9:00 PM,Washington Capitals,,Edmonton Oilers,,Scheduled
2025-01-21,9:00 PM,10:00 PM,Buffalo Sabres,,Vancouver Canucks,,Scheduled
2025-01-21,9:00 PM,10:00 PM,Florida Panthers,,Anaheim Ducks,,Scheduled
2025-01-22,6:00 PM,7:00 PM,Boston Bruins,,New Jersey Devils,,Scheduled
2025-01-22,6:30 PM,7:30 PM,Columbus Blue Jackets,,Toronto Maple Leafs,,Scheduled
2025-01-22,8:30 PM,9:30 PM,Winnipeg Jets,,Colorado Avalanche,,Scheduled
2025-01-22,9:00 PM,10:00 PM,Florida Panthers,,Los Angeles Kings,,Scheduled
2025-01-23,6:00 PM,7:00 PM,Ottawa Senators,,Boston Bruins,,Scheduled
2025-01-23,6:00 PM,7:00 PM,Montreal Canadiens,,Detroit Red Wings,,Scheduled
2025-01-23,6:00 PM,7:00 PM,Philadelphia Flyers,,New York Rangers,,Scheduled
2025-01-23,6:00 PM,7:00 PM,Columbus Blue Jackets,,Carolina Hurricanes,,Scheduled
2025-01-23,7:00 PM,8:00 PM,Vegas Golden Knights,,St. Louis Blues,,Scheduled
2025-01-23,7:00 PM,8:00 PM,Utah Hockey Club,,Minnesota Wild,,Scheduled
2025-01-23,8:00 PM,9:00 PM,Buffalo Sabres,,Calgary Flames,,Scheduled
2025-01-23,8:00 PM,9:00 PM,Vancouver Canucks,,Edmonton Oilers,,Scheduled
2025-01-23,9:00 PM,10:00 PM,Pittsburgh Penguins,,Anaheim Ducks,,Scheduled
2025-01-23,9:00 PM,10:00 PM,Washington Capitals,,Seattle Kraken,,Scheduled
2025-01-23,9:30 PM,10:30 PM,Nashville Predators,,San Jose Sharks,,Scheduled
2025-01-24,6:30 PM,7:30 PM,Philadelphia Flyers,,New York Islanders,,Scheduled
2025-01-24,6:30 PM,7:30 PM,Vegas Golden Knights,,Dallas Stars,,Scheduled
2025-01-24,7:00 PM,8:00 PM,Tampa Bay Lightning,,Chicago Blackhawks,,Scheduled
2025-01-24,7:00 PM,8:00 PM,Utah Hockey Club,,Winnipeg Jets,,Scheduled
2025-01-25,12:00 PM,1:00 PM,Colorado Avalanche,,Boston Bruins,,Scheduled
2025-01-25,3:00 PM,4:00 PM,Buffalo Sabres,,Edmonton Oilers,,Scheduled
2025-01-25,3:00 PM,4:00 PM,Pittsburgh Penguins,,Seattle Kraken,,Scheduled
2025-01-25,6:00 PM,7:00 PM,New Jersey Devils,,Montreal Canadiens,,Scheduled
2025-01-25,6:00 PM,7:00 PM,Toronto Maple Leafs,,Ottawa Senators,,Scheduled
2025-01-25,6:00 PM,7:00 PM,Tampa Bay Lightning,,Detroit Red Wings,,Scheduled
2025-01-25,6:00 PM,7:00 PM,Los Angeles Kings,,Columbus Blue Jackets,,Scheduled
2025-01-25,6:00 PM,7:00 PM,Dallas Stars,,St. Louis Blues,,Scheduled
2025-01-25,6:00 PM,7:00 PM,Calgary Flames,,Minnesota Wild,,Scheduled
2025-01-25,6:30 PM,7:30 PM,Carolina Hurricanes,,New York Islanders,,Scheduled
2025-01-25,9:00 PM,10:00 PM,Washington Capitals,,Vancouver Canucks,,Scheduled
2025-01-25,9:00 PM,10:00 PM,Nashville Predators,,Anaheim Ducks,,Scheduled
2025-01-25,9:00 PM,10:00 PM,Florida Panthers,,San Jose Sharks,,Scheduled
2025-01-26,12:00 PM,1:00 PM,Colorado Avalanche,,New York Rangers,,Scheduled
2025-01-26,4:00 PM,5:00 PM,Utah Hockey Club,,Ottawa Senators,,Scheduled
2025-01-26,5:00 PM,6:00 PM,Calgary Flames,,Winnipeg Jets,,Scheduled
2025-01-26,6:00 PM,7:00 PM,Minnesota Wild,,Chicago Blackhawks,,Scheduled
2025-01-26,7:00 PM,8:00 PM,Florida Panthers,,Vegas Golden Knights,,Scheduled
2025-01-27,6:00 PM,7:00 PM,Los Angeles Kings,,Detroit Red Wings,,Scheduled
2025-01-27,6:00 PM,7:00 PM,New Jersey Devils,,Philadelphia Flyers,,Scheduled
2025-01-27,6:30 PM,7:30 PM,Vancouver Canucks,,St. Louis Blues,,Scheduled
2025-01-27,8:30 PM,9:30 PM,Seattle Kraken,,Edmonton Oilers,,Scheduled
2025-01-27,9:30 PM,10:30 PM,Pittsburgh Penguins,,San Jose Sharks,,Scheduled
2025-01-28,6:00 PM,7:00 PM,Boston Bruins,,Buffalo Sabres,,Scheduled
2025-01-28,6:00 PM,7:00 PM,Winnipeg Jets,,Montreal Canadiens,,Scheduled
2025-01-28,6:00 PM,7:00 PM,Chicago Blackhawks,,Tampa Bay Lightning,,Scheduled
2025-01-28,6:00 PM,7:00 PM,Carolina Hurricanes,,New York Rangers,,Scheduled
2025-01-28,6:30 PM,7:30 PM,Colorado Avalanche,,New York Islanders,,Scheduled
2025-01-28,8:00 PM,9:00 PM,Washington Capitals,,Calgary Flames,,Scheduled
2025-01-28,9:00 PM,10:00 PM,Dallas Stars,,Vegas Golden Knights,,Scheduled
2025-01-28,9:00 PM,10:00 PM,Anaheim Ducks,,Seattle Kraken,,Scheduled
2025-01-29,6:00 PM,7:00 PM,Minnesota Wild,,Toronto Maple Leafs,,Scheduled
2025-01-29,6:00 PM,7:00 PM,Los Angeles Kings,,Florida Panthers,,Scheduled
2025-01-29,6:00 PM,7:00 PM,Philadelphia Flyers,,New Jersey Devils,,Scheduled
2025-01-29,8:00 PM,9:00 PM,Vancouver Canucks,,Nashville Predators,,Scheduled
2025-01-29,8:30 PM,9:30 PM,Pittsburgh Penguins,,Utah Hockey Club,,Scheduled
2025-01-30,6:00 PM,7:00 PM,Winnipeg Jets,,Boston Bruins,,Scheduled
2025-01-30,6:00 PM,7:00 PM,Minnesota Wild,,Montreal Canadiens,,Scheduled
2025-01-30,6:00 PM,7:00 PM,Washington Capitals,,Ottawa Senators,,Scheduled
2025-01-30,6:00 PM,7:00 PM,Los Angeles Kings,,Tampa Bay Lightning,,Scheduled
2025-01-30,6:00 PM,7:00 PM,Chicago Blackhawks,,Carolina Hurricanes,,Scheduled
2025-01-30,6:30 PM,7:30 PM,New York Islanders,,Philadelphia Flyers,,Scheduled
2025-01-30,8:00 PM,9:00 PM,Anaheim Ducks,,Calgary Flames,,Scheduled
2025-01-30,8:00 PM,9:00 PM,Detroit Red Wings,,Edmonton Oilers,,Scheduled
2025-01-30,9:00 PM,10:00 PM,Columbus Blue Jackets,,Vegas Golden Knights,,Scheduled
2025-01-30,9:30 PM,10:30 PM,San Jose Sharks,,Seattle Kraken,,Scheduled
2025-01-31,6:00 PM,7:00 PM,Nashville Predators,,Buffalo Sabres,,Scheduled
2025-01-31,7:00 PM,8:00 PM,Vancouver Canucks,,Dallas Stars,,Scheduled
2025-01-31,8:00 PM,9:00 PM,St. Louis Blues,,Colorado Avalanche,,Scheduled
2025-01-31,8:00 PM,9:00 PM,Columbus Blue Jackets,,Utah Hockey Club,,Scheduled
2025-02-01,12:00 PM,1:00 PM,Chicago Blackhawks,,Florida Panthers,,Scheduled
2025-02-01,2:30 PM,3:30 PM,New York Rangers,,Boston Bruins,,Scheduled
2025-02-01,6:00 PM,7:00 PM,Minnesota Wild,,Ottawa Senators,,Scheduled
2025-02-01,6:00 PM,7:00 PM,New York Islanders,,Tampa Bay Lightning,,Scheduled
2025-02-01,6:00 PM,7:00 PM,Nashville Predators,,Pittsburgh Penguins,,Scheduled
2025-02-01,6:00 PM,7:00 PM,Winnipeg Jets,,Washington Capitals,,Scheduled
2025-02-01,6:00 PM,7:00 PM,Los Angeles Kings,,Carolina Hurricanes,,Scheduled
2025-02-01,6:00 PM,7:00 PM,Toronto Maple Leafs,,Edmonton Oilers,,Scheduled
2025-02-01,9:00 PM,10:00 PM,Detroit Red Wings,,Calgary Flames,,Scheduled
2025-02-02,12:00 PM,1:00 PM,New Jersey Devils,,Buffalo Sabres,,Scheduled
2025-02-02,2:00 PM,3:00 PM,Philadelphia Flyers,,Colorado Avalanche,,Scheduled
2025-02-02,3:00 PM,4:00 PM,Montreal Canadiens,,Anaheim Ducks,,Scheduled
2025-02-02,5:00 PM,6:00 PM,New York Islanders,,Florida Panthers,,Scheduled
2025-02-02,5:00 PM,6:00 PM,Vegas Golden Knights,,New York Rangers,,Scheduled
2025-02-02,5:00 PM,6:00 PM,Columbus Blue Jackets,,Dallas Stars,,Scheduled
2025-02-02,6:00 PM,7:00 PM,St. Louis Blues,,Utah Hockey Club,,Scheduled
2025-02-02,7:00 PM,8:00 PM,Detroit Red Wings,,Vancouver Canucks,,Scheduled
2025-02-02,8:00 PM,9:00 PM,Calgary Flames,,Seattle Kraken,,Scheduled
2025-02-03,6:30 PM,7:30 PM,Ottawa Senators,,Nashville Predators,,Scheduled
2025-02-04,6:00 PM,7:00 PM,Minnesota Wild,,Boston Bruins,,Scheduled
2025-02-04,6:00 PM,7:00 PM,Columbus Blue Jackets,,Buffalo Sabres,,Scheduled
2025-02-04,6:00 PM,7:00 PM,Ottawa Senators,,Tampa Bay Lightning,,Scheduled
2025-02-04,6:00 PM,7:00 PM,New Jersey Devils,,Pittsburgh Penguins,,Scheduled
2025-02-04,6:00 PM,7:00 PM,Florida Panthers,,Washington Capitals,,Scheduled
2025-02-04,6:30 PM,7:30 PM,Vegas Golden Knights,,New York Islanders,,Scheduled
2025-02-04,7:00 PM,8:00 PM,Edmonton Oilers,,St. Louis Blues,,Scheduled
2025-02-04,7:00 PM,8:00 PM,Carolina Hurricanes,,Winnipeg Jets,,Scheduled
2025-02-04,8:00 PM,9:00 PM,Toronto Maple Leafs,,Calgary Flames,,Scheduled
2025-02-04,8:00 PM,9:00 PM,Philadelphia Flyers,,Utah Hockey Club,,Scheduled
2025-02-04,9:00 PM,10:00 PM,Colorado Avalanche,,Vancouver Canucks,,Scheduled
2025-02-04,9:00 PM,10:00 PM,Detroit Red Wings,,Seattle Kraken,,Scheduled
2025-02-04,9:30 PM,10:30 PM,Dallas Stars,,Anaheim Ducks,,Scheduled
2025-02-04,9:30 PM,10:30 PM,Montreal Canadiens,,San Jose Sharks,,Scheduled
2025-02-05,6:00 PM,7:00 PM,Boston Bruins,,New York Rangers,,Scheduled
2025-02-05,8:30 PM,9:30 PM,Edmonton Oilers,,Chicago Blackhawks,,Scheduled
2025-02-05,9:30 PM,10:30 PM,Montreal Canadiens,,Los Angeles Kings,,Scheduled
2025-02-06,6:00 PM,7:00 PM,Ottawa Senators,,Tampa Bay Lightning,,Scheduled
2025-02-06,6:00 PM,7:00 PM,Vegas Golden Knights,,New Jersey Devils,,Scheduled
2025-02-06,6:00 PM,7:00 PM,Washington Capitals,,Philadelphia Flyers,,Scheduled
2025-02-06,6:00 PM,7:00 PM,Utah Hockey Club,,Columbus Blue Jackets,,Scheduled
2025-02-06,6:30 PM,7:30 PM,Carolina Hurricanes,,Minnesota Wild,,Scheduled
2025-02-06,7:00 PM,8:00 PM,Florida Panthers,,St. Louis Blues,,Scheduled
2025-02-06,8:00 PM,9:00 PM,Colorado Avalanche,,Calgary Flames,,Scheduled
2025-02-06,9:00 PM,10:00 PM,Toronto Maple Leafs,,Seattle Kraken,,Scheduled
2025-02-06,9:30 PM,10:30 PM,Vancouver Canucks,,San Jose Sharks,,Scheduled
2025-02-07,6:00 PM,7:00 PM,Pittsburgh Penguins,,New York Rangers,,Scheduled
2025-02-07,7:00 PM,8:00 PM,New York Islanders,,Winnipeg Jets,,Scheduled
2025-02-07,7:30 PM,8:30 PM,Nashville Predators,,Chicago Blackhawks,,Scheduled
2025-02-07,8:00 PM,9:00 PM,Colorado Avalanche,,Edmonton Oilers,,Scheduled
2025-02-07,9:30 PM,10:30 PM,Dallas Stars,,Los Angeles Kings,,Scheduled
2025-02-08,12:00 PM,1:00 PM,New Jersey Devils,,Montreal Canadiens,,Scheduled
2025-02-08,12:00 PM,1:00 PM,Tampa Bay Lightning,,Detroit Red Wings,,Scheduled
2025-02-08,12:00 PM,1:00 PM,Utah Hockey Club,,Carolina Hurricanes,,Scheduled
2025-02-08,2:30 PM,3:30 PM,Vegas Golden Knights,,Boston Bruins,,Scheduled
2025-02-08,6:00 PM,7:00 PM,Ottawa Senators,,Florida Panthers,,Scheduled
2025-02-08,6:00 PM,7:00 PM,Pittsburgh Penguins,,Philadelphia Flyers,,Scheduled
2025-02-08,6:00 PM,7:00 PM,New York Rangers,,Columbus Blue Jackets,,Scheduled
2025-02-08,6:00 PM,7:00 PM,Chicago Blackhawks,,St. Louis Blues,,Scheduled
2025-02-08,6:00 PM,7:00 PM,Toronto Maple Leafs,,Vancouver Canucks,,Scheduled
2025-02-08,7:00 PM,8:00 PM,Buffalo Sabres,,Nashville Predators,,Scheduled
2025-02-08,7:00 PM,8:00 PM,New York Islanders,,Minnesota Wild,,Scheduled
2025-02-08,9:00 PM,10:00 PM,Seattle Kraken,,Calgary Flames,,Scheduled
2025-02-08,9:00 PM,10:00 PM,Dallas Stars,,San Jose Sharks,,Scheduled
2025-02-08,9:30 PM,10:30 PM,Anaheim Ducks,,Los Angeles Kings,,Scheduled
2025-02-09,11:30 AM,12:30 PM,Utah Hockey Club,,Washington Capitals,,Scheduled
2025-02-09,12:00 PM,1:00 PM,Tampa Bay Lightning,,Montreal Canadiens,,Scheduled
2025-02-22,11:30 AM,12:30 PM,Minnesota Wild,,Detroit Red Wings,,Scheduled
2025-02-22,12:00 PM,1:00 PM,Edmonton Oilers,,Philadelphia Flyers,,Scheduled
2025-02-22,2:00 PM,3:00 PM,Washington Capitals,,Pittsburgh Penguins,,Scheduled
2025-02-22,4:30 PM,5:30 PM,New York Rangers,,Buffalo Sabres,,Scheduled
2025-02-22,5:00 PM,6:00 PM,Seattle Kraken,,Florida Panthers,,Scheduled
2025-02-22,5:00 PM,6:00 PM,Dallas Stars,,New Jersey Devils,,Scheduled
2025-02-22,5:00 PM,6:00 PM,Colorado Avalanche,,Nashville Predators,,Scheduled
2025-02-22,6:00 PM,7:00 PM,Anaheim Ducks,,Boston Bruins,,Scheduled
2025-02-22,6:00 PM,7:00 PM,Carolina Hurricanes,,Toronto Maple Leafs,,Scheduled
2025-02-22,6:00 PM,7:00 PM,Montreal Canadiens,,Ottawa Senators,,Scheduled
2025-02-22,6:00 PM,7:00 PM,Chicago Blackhawks,,Columbus Blue Jackets,,Scheduled
2025-02-22,6:00 PM,7:00 PM,Winnipeg Jets,,St. Louis Blues,,Scheduled
2025-02-22,8:00 PM,9:00 PM,Utah Hockey Club,,Los Angeles Kings,,Scheduled
2025-02-22,9:00 PM,10:00 PM,Vancouver Canucks,,Vegas Golden Knights,,Scheduled
2025-02-23,12:00 PM,1:00 PM,Edmonton Oilers,,Washington Capitals,,Scheduled
2025-02-23,2:30 PM,3:30 PM,New York Rangers,,Pittsburgh Penguins,,Scheduled
2025-02-23,5:00 PM,6:00 PM,Anaheim Ducks,,Detroit Red Wings,,Scheduled
2025-02-23,5:00 PM,6:00 PM,Seattle Kraken,,Tampa Bay Lightning,,Scheduled
2025-02-23,5:00 PM,6:00 PM,Colorado Avalanche,,St. Louis Blues,,Scheduled
2025-02-23,5:00 PM,6:00 PM,New Jersey Devils,,Nashville Predators,,Scheduled
2025-02-23,6:00 PM,7:00 PM,Toronto Maple Leafs,,Chicago Blackhawks,,Scheduled
2025-02-23,6:30 PM,7:30 PM,Dallas Stars,,New York Islanders,,Scheduled
2025-02-23,7:00 PM,8:00 PM,San Jose Sharks,,Calgary Flames,,Scheduled
2025-02-23,7:00 PM,8:00 PM,Vancouver Canucks,,Utah Hockey Club,,Scheduled
2025-02-24,6:30 PM,7:30 PM,San Jose Sharks,,Winnipeg Jets,,Scheduled
2025-02-24,9:30 PM,10:30 PM,Vegas Golden Knights,,Los Angeles Kings,,Scheduled
2025-02-25,6:00 PM,7:00 PM,Toronto Maple Leafs,,Boston Bruins,,Scheduled
2025-02-25,6:00 PM,7:00 PM,Anaheim Ducks,,Buffalo Sabres,,Scheduled
2025-02-25,6:00 PM,7:00 PM,Carolina Hurricanes,,Montreal Canadiens,,Scheduled
2025-02-25,6:00 PM,7:00 PM,Pittsburgh Penguins,,Philadelphia Flyers,,Scheduled
2025-02-25,6:00 PM,7:00 PM,Calgary Flames,,Washington Capitals,,Scheduled
2025-02-25,6:00 PM,7:00 PM,Dallas Stars,,Columbus Blue Jackets,,Scheduled
2025-02-25,6:30 PM,7:30 PM,Edmonton Oilers,,Tampa Bay Lightning,,Scheduled
2025-02-25,6:30 PM,7:30 PM,New York Rangers,,New York Islanders,,Scheduled
2025-02-25,7:00 PM,8:00 PM,Seattle Kraken,,St. Louis Blues,,Scheduled
2025-02-25,7:00 PM,8:00 PM,Florida Panthers,,Nashville Predators,,Scheduled
2025-02-25,7:00 PM,8:00 PM,Detroit Red Wings,,Minnesota Wild,,Scheduled
2025-02-25,8:00 PM,9:00 PM,Chicago Blackhawks,,Utah Hockey Club,,Scheduled
2025-02-26,6:00 PM,7:00 PM,Winnipeg Jets,,Ottawa Senators,,Scheduled
2025-02-26,8:30 PM,9:30 PM,New Jersey Devils,,Colorado Avalanche,,Scheduled
2025-02-26,9:00 PM,10:00 PM,Vancouver Canucks,,Los Angeles Kings,,Scheduled
2025-02-27,6:00 PM,7:00 PM,New York Islanders,,Boston Bruins,,Scheduled
2025-02-27,6:00 PM,7:00 PM,San Jose Sharks,,Montreal Canadiens,,Scheduled
2025-02-27,6:00 PM,7:00 PM,Columbus Blue Jackets,,Detroit Red Wings,,Scheduled
2025-02-27,6:00 PM,7:00 PM,Calgary Flames,,Tampa Bay Lightning,,Scheduled
2025-02-27,6:00 PM,7:00 PM,Philadelphia Flyers,,Pittsburgh Penguins,,Scheduled
2025-02-27,6:00 PM,7:00 PM,St. Louis Blues,,Washington Capitals,,Scheduled
2025-02-27,6:00 PM,7:00 PM,Buffalo Sabres,,Carolina Hurricanes,,Scheduled
2025-02-27,6:30 PM,7:30 PM,Edmonton Oilers,,Florida Panthers,,Scheduled
2025-02-27,7:00 PM,8:00 PM,Winnipeg Jets,,Nashville Predators,,Scheduled
2025-02-27,8:00 PM,9:00 PM,Minnesota Wild,,Utah Hockey Club,,Scheduled
2025-02-27,9:00 PM,10:00 PM,Chicago Blackhawks,,Vegas Golden Knights,,Scheduled
2025-02-27,9:00 PM,10:00 PM,Vancouver Canucks,,Anaheim Ducks,,Scheduled
2025-02-28,6:00 PM,7:00 PM,Toronto Maple Leafs,,New York Rangers,,Scheduled
2025-02-28,7:00 PM,8:00 PM,Los Angeles Kings,,Dallas Stars,,Scheduled
2025-02-28,8:00 PM,9:00 PM,Minnesota Wild,,Colorado Avalanche,,Scheduled
2025-03-01,11:30 AM,12:30 PM,Nashville Predators,,New York Islanders,,Scheduled
2025-03-01,11:30 AM,12:30 PM,Tampa Bay Lightning,,Washington Capitals,,Scheduled
2025-03-01,2:00 PM,3:00 PM,Calgary Flames,,Florida Panthers,,Scheduled
2025-03-01,2:00 PM,3:00 PM,Boston Bruins,,Pittsburgh Penguins,,Scheduled
2025-03-01,5:00 PM,6:00 PM,Detroit Red Wings,,Columbus Blue Jackets,,Scheduled
2025-03-01,6:00 PM,7:00 PM,Montreal Canadiens,,Buffalo Sabres,,Scheduled
2025-03-01,6:00 PM,7:00 PM,San Jose Sharks,,Ottawa Senators,,Scheduled
2025-03-01,6:00 PM,7:00 PM,Edmonton Oilers,,Carolina Hurricanes,,Scheduled
2025-03-01,6:00 PM,7:00 PM,Philadelphia Flyers,,Winnipeg Jets,,Scheduled
2025-03-01,7:00 PM,8:00 PM,Los Angeles Kings,,St. Louis Blues,,Scheduled
2025-03-01,8:00 PM,9:00 PM,New Jersey Devils,,Utah Hockey Club,,Scheduled
2025-03-01,9:00 PM,10:00 PM,Chicago Blackhawks,,Anaheim Ducks,,Scheduled
2025-03-01,9:00 PM,10:00 PM,Vancouver Canucks,,Seattle Kraken,,Scheduled
2025-03-02,12:00 PM,1:00 PM,Toronto Maple Leafs,,Pittsburgh Penguins,,Scheduled
2025-03-02,2:30 PM,3:30 PM,Boston Bruins,,Minnesota Wild,,Scheduled
2025-03-02,4:00 PM,5:00 PM,Calgary Flames,,Carolina Hurricanes,,Scheduled
2025-03-02,5:00 PM,6:00 PM,St. Louis Blues,,Dallas Stars,,Scheduled
2025-03-02,6:00 PM,7:00 PM,Nashville Predators,,New York Rangers,,Scheduled
2025-03-02,7:00 PM,8:00 PM,New Jersey Devils,,Vegas Golden Knights,,Scheduled
2025-03-03,5:30 PM,6:30 PM,Ottawa Senators,,Washington Capitals,,Scheduled
2025-03-03,6:00 PM,7:00 PM,Buffalo Sabres,,Montreal Canadiens,,Scheduled
2025-03-03,6:00 PM,7:00 PM,Tampa Bay Lightning,,Florida Panthers,,Scheduled
2025-03-03,6:00 PM,7:00 PM,New York Islanders,,New York Rangers,,Scheduled
2025-03-03,6:30 PM,7:30 PM,San Jose Sharks,,Toronto Maple Leafs,,Scheduled
2025-03-03,7:30 PM,8:30 PM,Los Angeles Kings,,Chicago Blackhawks,,Scheduled
2025-03-04,6:00 PM,7:00 PM,Nashville Predators,,Boston Bruins,,Scheduled
2025-03-04,6:00 PM,7:00 PM,San Jose Sharks,,Buffalo Sabres,,Scheduled
2025-03-04,6:00 PM,7:00 PM,Carolina Hurricanes,,Detroit Red Wings,,Scheduled
2025-03-04,6:00 PM,7:00 PM,Columbus Blue Jackets,,Tampa Bay Lightning,,Scheduled
2025-03-04,6:00 PM,7:00 PM,Calgary Flames,,Philadelphia Flyers,,Scheduled
2025-03-04,6:30 PM,7:30 PM,Winnipeg Jets,,New York Islanders,,Scheduled
2025-03-04,7:00 PM,8:00 PM,New Jersey Devils,,Dallas Stars,,Scheduled
2025-03-04,8:00 PM,9:00 PM,Pittsburgh Penguins,,Colorado Avalanche,,Scheduled
2025-03-04,8:00 PM,9:00 PM,Anaheim Ducks,,Edmonton Oilers,,Scheduled
2025-03-04,9:00 PM,10:00 PM,Minnesota Wild,,Seattle Kraken,,Scheduled
2025-03-05,6:30 PM,7:30 PM,Washington Capitals,,New York Rangers,,Scheduled
2025-03-05,6:30 PM,7:30 PM,Ottawa Senators,,Chicago Blackhawks,,Scheduled
2025-03-05,9:00 PM,10:00 PM,Toronto Maple Leafs,,Vegas Golden Knights,,Scheduled
2025-03-05,9:30 PM,10:30 PM,Anaheim Ducks,,Vancouver Canucks,,Scheduled
2025-03-05,9:30 PM,10:30 PM,St. Louis Blues,,Los Angeles Kings,,Scheduled
2025-03-06,6:00 PM,7:00 PM,Utah Hockey Club,,Detroit Red Wings,,Scheduled
2025-03-06,6:00 PM,7:00 PM,Buffalo Sabres,,Tampa Bay Lightning,,Scheduled
2025-03-06,6:00 PM,7:00 PM,Columbus Blue Jackets,,Florida Panthers,,Scheduled
2025-03-06,6:00 PM,7:00 PM,Winnipeg Jets,,Philadelphia Flyers,,Scheduled
2025-03-06,6:00 PM,7:00 PM,Boston Bruins,,Carolina Hurricanes,,Scheduled
2025-03-06,7:00 PM,8:00 PM,Calgary Flames,,Dallas Stars,,Scheduled
2025-03-06,8:00 PM,9:00 PM,Montreal Canadiens,,Edmonton Oilers,,Scheduled
2025-03-06,8:00 PM,9:00 PM,San Jose Sharks,,Colorado Avalanche,,Scheduled
2025-03-06,8:30 PM,9:30 PM,Seattle Kraken,,Nashville Predators,,Scheduled
2025-03-07,6:00 PM,7:00 PM,Winnipeg Jets,,New Jersey Devils,,Scheduled
2025-03-07,6:00 PM,7:00 PM,Detroit Red Wings,,Washington Capitals,,Scheduled
2025-03-07,7:30 PM,8:30 PM,Utah Hockey Club,,Chicago Blackhawks,,Scheduled
2025-03-07,9:00 PM,10:00 PM,Minnesota Wild,,Vancouver Canucks,,Scheduled
2025-03-07,9:00 PM,10:00 PM,Pittsburgh Penguins,,Vegas Golden Knights,,Scheduled
2025-03-07,9:00 PM,10:00 PM,St. Louis Blues,,Anaheim Ducks,,Scheduled
2025-03-08,11:30 AM,12:30 PM,New York Rangers,,Ottawa Senators,,Scheduled
2025-03-08,11:30 AM,12:30 PM,Seattle Kraken,,Philadelphia Flyers,,Scheduled
2025-03-08,2:00 PM,3:00 PM,Boston Bruins,,Tampa Bay Lightning,,Scheduled
2025-03-08,5:00 PM,6:00 PM,Buffalo Sabres,,Florida Panthers,,Scheduled
2025-03-08,6:00 PM,7:00 PM,Toronto Maple Leafs,,Colorado Avalanche,,Scheduled
2025-03-08,6:00 PM,7:00 PM,Montreal Canadiens,,Calgary Flames,,Scheduled
2025-03-08,7:00 PM,8:00 PM,Chicago Blackhawks,,Nashville Predators,,Scheduled
2025-03-08,7:00 PM,8:00 PM,St. Louis Blues,,Los Angeles Kings,,Scheduled
2025-03-08,9:00 PM,10:00 PM,Dallas Stars,,Edmonton Oilers,,Scheduled
2025-03-08,9:00 PM,10:00 PM,New York Islanders,,San Jose Sharks,,Scheduled
2025-03-09,11:00 AM,1:00 PM,New Jersey Devils,,Philadelphia Flyers,,Scheduled
2025-03-09,1:30 PM,3:30 PM,Seattle Kraken,,Washington Capitals,,Scheduled
2025-03-09,1:30 PM,3:30 PM,Pittsburgh Penguins,,Minnesota Wild,,Scheduled
2025-03-09,3:00 PM,5:00 PM,Winnipeg Jets,,Carolina Hurricanes,,Scheduled
2025-03-09,4:00 PM,6:00 PM,Columbus Blue Jackets,,New York Rangers,,Scheduled
2025-03-09,6:00 PM,8:00 PM,Los Angeles Kings,,Vegas Golden Knights,,Scheduled
2025-03-09,7:00 PM,9:00 PM,Dallas Stars,,Vancouver Canucks,,Scheduled
2025-03-09,7:00 PM,9:00 PM,New York Islanders,,Anaheim Ducks,,Scheduled
2025-03-10,4:30 PM,6:30 PM,Edmonton Oilers,,Buffalo Sabres,,Scheduled
2025-03-10,5:30 PM,7:30 PM,Detroit Red Wings,,Ottawa Senators,,Scheduled
2025-03-10,7:00 PM,9:00 PM,Chicago Blackhawks,,Colorado Avalanche,,Scheduled
2025-03-10,8:00 PM,10:00 PM,Toronto Maple Leafs,,Utah Hockey Club,,Scheduled
2025-03-11,5:00 PM,7:00 PM,Florida Panthers,,Boston Bruins,,Scheduled
2025-03-11,5:00 PM,7:00 PM,Columbus Blue Jackets,,New Jersey Devils,,Scheduled
2025-03-11,5:00 PM,7:00 PM,Ottawa Senators,,Philadelphia Flyers,,Scheduled
2025-03-11,5:00 PM,7:00 PM,Vegas Golden Knights,,Pittsburgh Penguins,,Scheduled
2025-03-11,5:00 PM,7:00 PM,Tampa Bay Lightning,,Carolina Hurricanes,,Scheduled
2025-03-11,6:00 PM,8:00 PM,Colorado Avalanche,,Minnesota Wild,,Scheduled
2025-03-11,6:00 PM,8:00 PM,New York Rangers,,Winnipeg Jets,,Scheduled
2025-03-11,8:00 PM,10:00 PM,Montreal Canadiens,,Vancouver Canucks,,Scheduled
2025-03-11,8:00 PM,10:00 PM,Washington Capitals,,Anaheim Ducks,,Scheduled
2025-03-11,8:30 PM,10:30 PM,New York Islanders,,Los Angeles Kings,,Scheduled
2025-03-11,8:30 PM,10:30 PM,Nashville Predators,,San Jose Sharks,,Scheduled
2025-03-12,5:30 PM,7:30 PM,Buffalo Sabres,,Detroit Red Wings,,Scheduled
2025-03-12,7:00 PM,9:00 PM,Vancouver Canucks,,Calgary Flames,,Scheduled
2025-03-12,8:00 PM,10:00 PM,Anaheim Ducks,,Utah Hockey Club,,Scheduled
2025-03-12,8:30 PM,10:30 PM,Montreal Canadiens,,Seattle Kraken,,Scheduled
2025-03-13,5:00 PM,7:00 PM,Florida Panthers,,Toronto Maple Leafs,,Scheduled
2025-03-13,5:00 PM,7:00 PM,Boston Bruins,,Ottawa Senators,,Scheduled
2025-03-13,5:00 PM,7:00 PM,Tampa Bay Lightning,,Philadelphia Flyers,,Scheduled
2025-03-13,5:00 PM,7:00 PM,St. Louis Blues,,Pittsburgh Penguins,,Scheduled
2025-03-13,5:00 PM,7:00 PM,Vegas Golden Knights,,Columbus Blue Jackets,,Scheduled
2025-03-13,5:30 PM,7:30 PM,Edmonton Oilers,,New Jersey Devils,,Scheduled
2025-03-13,6:00 PM,8:00 PM,New York Rangers,,Minnesota Wild,,Scheduled
2025-03-13,8:30 PM,10:30 PM,Washington Capitals,,Los Angeles Kings,,Scheduled
2025-03-13,8:30 PM,10:30 PM,Chicago Blackhawks,,San Jose Sharks,,Scheduled
2025-03-14,5:00 PM,7:00 PM,Detroit Red Wings,,Carolina Hurricanes,,Scheduled
2025-03-14,5:30 PM,7:30 PM,Edmonton Oilers,,New York Islanders,,Scheduled
2025-03-14,6:00 PM,8:00 PM,Dallas Stars,,Winnipeg Jets,,Scheduled
2025-03-14,7:00 PM,9:00 PM,Colorado Avalanche,,Calgary Flames,,Scheduled
2025-03-14,8:00 PM,10:00 PM,Nashville Predators,,Anaheim Ducks,,Scheduled
2025-03-14,8:00 PM,10:00 PM,Utah Hockey Club,,Seattle Kraken,,Scheduled
2025-03-15,10:30 AM,12:30 PM,Vegas Golden Knights,,Buffalo Sabres,,Scheduled
2025-03-15,1:00 PM,3:00 PM,New Jersey Devils,,Pittsburgh Penguins,,Scheduled
2025-03-15,3:00 PM,5:00 PM,Washington Capitals,,San Jose Sharks,,Scheduled
2025-03-15,5:00 PM,7:00 PM,Tampa Bay Lightning,,Boston Bruins,,Scheduled
2025-03-15,5:00 PM,7:00 PM,Ottawa Senators,,Toronto Maple Leafs,,Scheduled
2025-03-15,5:00 PM,7:00 PM,Florida Panthers,,Montreal Canadiens,,Scheduled
2025-03-15,5:00 PM,7:00 PM,Carolina Hurricanes,,Philadelphia Flyers,,Scheduled
2025-03-15,5:00 PM,7:00 PM,New York Rangers,,Columbus Blue Jackets,,Scheduled
2025-03-15,6:00 PM,8:00 PM,St. Louis Blues,,Minnesota Wild,,Scheduled
2025-03-15,6:00 PM,8:00 PM,Nashville Predators,,Los Angeles Kings,,Scheduled
2025-03-15,8:00 PM,10:00 PM,Chicago Blackhawks,,Vancouver Canucks,,Scheduled
2025-03-16,11:00 AM,1:00 PM,Vegas Golden Knights,,Detroit Red Wings,,Scheduled
2025-03-16,1:30 PM,3:30 PM,Dallas Stars,,Colorado Avalanche,,Scheduled
2025-03-16,4:00 PM,6:00 PM,Anaheim Ducks,,St. Louis Blues,,Scheduled
2025-03-16,5:00 PM,7:00 PM,Edmonton Oilers,,New York Rangers,,Scheduled
2025-03-16,5:30 PM,7:30 PM,Florida Panthers,,New York Islanders,,Scheduled
2025-03-16,6:00 PM,8:00 PM,Utah Hockey Club,,Vancouver Canucks,,Scheduled
2025-03-16,7:00 PM,9:00 PM,Winnipeg Jets,,Seattle Kraken,,Scheduled
2025-03-17,5:00 PM,7:00 PM,Buffalo Sabres,,Boston Bruins,,Scheduled
2025-03-17,5:00 PM,7:00 PM,Philadelphia Flyers,,Tampa Bay Lightning,,Scheduled
2025-03-17,5:00 PM,7:00 PM,New Jersey Devils,,Columbus Blue Jackets,,Scheduled
2025-03-17,5:30 PM,7:30 PM,Calgary Flames,,Toronto Maple Leafs,,Scheduled
2025-03-17,6:00 PM,8:00 PM,Los Angeles Kings,,Minnesota Wild,,Scheduled
2025-03-18,5:00 PM,7:00 PM,Ottawa Senators,,Montreal Canadiens,,Scheduled
2025-03-18,5:00 PM,7:00 PM,Calgary Flames,,New York Rangers,,Scheduled
2025-03-18,5:00 PM,7:00 PM,New York Islanders,,Pittsburgh Penguins,,Scheduled
2025-03-18,5:00 PM,7:00 PM,Detroit Red Wings,,Washington Capitals,,Scheduled
2025-03-18,6:00 PM,8:00 PM,Anaheim Ducks,,Dallas Stars,,Scheduled
2025-03-18,6:30 PM,8:30 PM,Seattle Kraken,,Chicago Blackhawks,,Scheduled
2025-03-18,7:00 PM,9:00 PM,St. Louis Blues,,Nashville Predators,,Scheduled
2025-03-18,7:00 PM,9:00 PM,Utah Hockey Club,,Edmonton Oilers,,Scheduled
2025-03-18,8:00 PM,10:00 PM,Winnipeg Jets,,Vancouver Canucks,,Scheduled
2025-03-19,5:00 PM,7:00 PM,Colorado Avalanche,,Toronto Maple Leafs,,Scheduled
2025-03-19,7:30 PM,9:30 PM,Seattle Kraken,,Minnesota Wild,,Scheduled
2025-03-20,5:00 PM,7:00 PM,Colorado Avalanche,,Ottawa Senators,,Scheduled
2025-03-20,5:00 PM,7:00 PM,Calgary Flames,,New Jersey Devils,,Scheduled
2025-03-20,5:00 PM,7:00 PM,Toronto Maple Leafs,,New York Rangers,,Scheduled
2025-03-20,5:00 PM,7:00 PM,Philadelphia Flyers,,Washington Capitals,,Scheduled
2025-03-20,5:00 PM,7:00 PM,Florida Panthers,,Columbus Blue Jackets,,Scheduled
2025-03-20,5:30 PM,7:30 PM,Montreal Canadiens,,New York Islanders,,Scheduled
2025-03-20,5:30 PM,7:30 PM,Vancouver Canucks,,St. Louis Blues,,Scheduled
2025-03-20,6:00 PM,8:00 PM,Anaheim Ducks,,Nashville Predators,,Scheduled
2025-03-20,6:00 PM,8:00 PM,Tampa Bay Lightning,,Dallas Stars,,Scheduled
2025-03-20,6:30 PM,8:30 PM,Los Angeles Kings,,Chicago Blackhawks,,Scheduled
2025-03-20,7:00 PM,9:00 PM,Winnipeg Jets,,Edmonton Oilers,,Scheduled
2025-03-20,7:00 PM,9:00 PM,Buffalo Sabres,,Utah Hockey Club,,Scheduled
2025-03-20,8:00 PM,10:00 PM,Boston Bruins,,Vegas Golden Knights,,Scheduled
2025-03-20,8:30 PM,10:30 PM,Carolina Hurricanes,,San Jose Sharks,,Scheduled
2025-03-21,5:00 PM,7:00 PM,Columbus Blue Jackets,,Pittsburgh Penguins,,Scheduled
2025-03-22,11:00 AM,1:00 PM,Vancouver Canucks,,New York Rangers,,Scheduled
2025-03-22,12:00 PM,2:00 PM,Philadelphia Flyers,,Dallas Stars,,Scheduled
2025-03-22,12:00 PM,2:00 PM,Buffalo Sabres,,Minnesota Wild,,Scheduled
2025-03-22,1:00 PM,3:00 PM,Chicago Blackhawks,,St. Louis Blues,,Scheduled
2025-03-22,2:00 PM,4:00 PM,Calgary Flames,,New York Islanders,,Scheduled
2025-03-22,2:00 PM,4:00 PM,Carolina Hurricanes,,Los Angeles Kings,,Scheduled
2025-03-22,3:00 PM,5:00 PM,Florida Panthers,,Washington Capitals,,Scheduled
2025-03-22,3:00 PM,5:00 PM,Tampa Bay Lightning,,Utah Hockey Club,,Scheduled
2025-03-22,5:00 PM,7:00 PM,Colorado Avalanche,,Montreal Canadiens,,Scheduled
2025-03-22,5:00 PM,7:00 PM,Ottawa Senators,,New Jersey Devils,,Scheduled
2025-03-22,5:00 PM,7:00 PM,Toronto Maple Leafs,,Nashville Predators,,Scheduled
2025-03-22,6:00 PM,8:00 PM,Detroit Red Wings,,Vegas Golden Knights,,Scheduled
2025-03-22,8:00 PM,10:00 PM,Seattle Kraken,,Edmonton Oilers,,Scheduled
2025-03-22,8:30 PM,10:30 PM,Boston Bruins,,San Jose Sharks,,Scheduled
2025-03-23,1:00 PM,3:00 PM,Philadelphia Flyers,,Chicago Blackhawks,,Scheduled
2025-03-23,1:00 PM,3:00 PM,Buffalo Sabres,,Winnipeg Jets,,Scheduled
2025-03-23,4:00 PM,6:00 PM,Pittsburgh Penguins,,Florida Panthers,,Scheduled
2025-03-23,4:00 PM,6:00 PM,Nashville Predators,,St. Louis Blues,,Scheduled
2025-03-23,6:00 PM,8:00 PM,Tampa Bay Lightning,,Vegas Golden Knights,,Scheduled
2025-03-23,6:00 PM,8:00 PM,Carolina Hurricanes,,Anaheim Ducks,,Scheduled
2025-03-23,7:00 PM,9:00 PM,Boston Bruins,,Los Angeles Kings,,Scheduled
2025-03-24,5:30 PM,7:30 PM,Vancouver Canucks,,New Jersey Devils,,Scheduled
2025-03-24,5:30 PM,7:30 PM,Columbus Blue Jackets,,New York Islanders,,Scheduled
2025-03-24,6:00 PM,8:00 PM,Minnesota Wild,,Dallas Stars,,Scheduled
2025-03-24,7:00 PM,9:00 PM,Detroit Red Wings,,Utah Hockey Club,,Scheduled
2025-03-25,5:00 PM,7:00 PM,Ottawa Senators,,Buffalo Sabres,,Scheduled
2025-03-25,5:00 PM,7:00 PM,Philadelphia Flyers,,Toronto Maple Leafs,,Scheduled
2025-03-25,5:00 PM,7:00 PM,Pittsburgh Penguins,,Tampa Bay Lightning,,Scheduled
2025-03-25,5:30 PM,7:30 PM,Nashville Predators,,Carolina Hurricanes,,Scheduled
2025-03-25,6:00 PM,8:00 PM,Montreal Canadiens,,St. Louis Blues,,Scheduled
2025-03-25,6:00 PM,8:00 PM,Vegas Golden Knights,,Minnesota Wild,,Scheduled
2025-03-25,6:00 PM,8:00 PM,Washington Capitals,,Winnipeg Jets,,Scheduled
2025-03-25,7:00 PM,9:00 PM,Detroit Red Wings,,Colorado Avalanche,,Scheduled
2025-03-25,7:00 PM,9:00 PM,Seattle Kraken,,Calgary Flames,,Scheduled
2025-03-25,8:30 PM,10:30 PM,New York Rangers,,Los Angeles Kings,,Scheduled
2025-03-26,5:30 PM,7:30 PM,Vancouver Canucks,,New York Islanders,,Scheduled
2025-03-26,5:30 PM,7:30 PM,New Jersey Devils,,Chicago Blackhawks,,Scheduled
2025-03-26,8:00 PM,10:00 PM,Dallas Stars,,Edmonton Oilers,,Scheduled
2025-03-26,8:00 PM,10:00 PM,Boston Bruins,,Anaheim Ducks,,Scheduled
2025-03-27,5:00 PM,7:00 PM,Pittsburgh Penguins,,Buffalo Sabres,,Scheduled
2025-03-27,5:00 PM,7:00 PM,Ottawa Senators,,Detroit Red Wings,,Scheduled
2025-03-27,5:00 PM,7:00 PM,Utah Hockey Club,,Tampa Bay Lightning,,Scheduled
2025-03-27,5:00 PM,7:00 PM,Montreal Canadiens,,Philadelphia Flyers,,Scheduled
2025-03-27,6:00 PM,8:00 PM,St. Louis Blues,,Nashville Predators,,Scheduled
2025-03-27,6:00 PM,8:00 PM,Washington Capitals,,Minnesota Wild,,Scheduled
2025-03-27,7:00 PM,9:00 PM,Dallas Stars,,Calgary Flames,,Scheduled
2025-03-27,8:00 PM,10:00 PM,Los Angeles Kings,,Colorado Avalanche,,Scheduled
2025-03-27,8:00 PM,10:00 PM,Edmonton Oilers,,Seattle Kraken,,Scheduled
2025-03-27,8:30 PM,10:30 PM,Toronto Maple Leafs,,San Jose Sharks,,Scheduled
2025-03-28,5:00 PM,7:00 PM,Utah Hockey Club,,Florida Panthers,,Scheduled
2025-03-28,5:00 PM,7:00 PM,Montreal Canadiens,,Carolina Hurricanes,,Scheduled
2025-03-28,5:00 PM,7:00 PM,Vancouver Canucks,,Columbus Blue Jackets,,Scheduled
2025-03-28,6:00 PM,8:00 PM,New Jersey Devils,,Winnipeg Jets,,Scheduled
2025-03-28,6:30 PM,8:30 PM,Vegas Golden Knights,,Chicago Blackhawks,,Scheduled
2025-03-28,8:00 PM,10:00 PM,New York Rangers,,Anaheim Ducks,,Scheduled
2025-03-29,11:00 AM,1:00 PM,Buffalo Sabres,,Philadelphia Flyers,,Scheduled
2025-03-29,12:00 PM,2:00 PM,New York Islanders,,Tampa Bay Lightning,,Scheduled
2025-03-29,2:30 PM,4:30 PM,St. Louis Blues,,Colorado Avalanche,,Scheduled
2025-03-29,4:00 PM,6:00 PM,New Jersey Devils,,Minnesota Wild,,Scheduled
2025-03-29,4:30 PM,6:30 PM,Vegas Golden Knights,,Nashville Predators,,Scheduled
2025-03-29,5:00 PM,7:00 PM,Columbus Blue Jackets,,Ottawa Senators,,Scheduled
2025-03-29,5:00 PM,7:00 PM,Toronto Maple Leafs,,Los Angeles Kings,,Scheduled
2025-03-29,6:00 PM,8:00 PM,Boston Bruins,,Detroit Red Wings,,Scheduled
2025-03-29,8:00 PM,10:00 PM,Calgary Flames,,Edmonton Oilers,,Scheduled
2025-03-29,8:30 PM,10:30 PM,New York Rangers,,San Jose Sharks,,Scheduled
2025-03-29,8:30 PM,10:30 PM,Dallas Stars,,Seattle Kraken,,Scheduled
2025-03-30,11:00 AM,1:00 PM,Montreal Canadiens,,Florida Panthers,,Scheduled
2025-03-30,1:00 PM,3:00 PM,Buffalo Sabres,,Washington Capitals,,Scheduled
2025-03-30,1:00 PM,3:00 PM,Vancouver Canucks,,Winnipeg Jets,,Scheduled
2025-03-30,2:00 PM,4:00 PM,Utah Hockey Club,,Chicago Blackhawks,,Scheduled
2025-03-30,3:00 PM,5:00 PM,Ottawa Senators,,Pittsburgh Penguins,,Scheduled
2025-03-30,3:00 PM,5:00 PM,New York Islanders,,Carolina Hurricanes,,Scheduled
2025-03-30,6:00 PM,8:00 PM,Toronto Maple Leafs,,Anaheim Ducks,,Scheduled
2025-03-30,8:00 PM,10:00 PM,San Jose Sharks,,Los Angeles Kings,,Scheduled
2025-03-31,5:00 PM,7:00 PM,Minnesota Wild,,New Jersey Devils,,Scheduled
2025-03-31,5:00 PM,7:00 PM,Nashville Predators,,Philadelphia Flyers,,Scheduled
2025-03-31,6:30 PM,8:30 PM,Calgary Flames,,Colorado Avalanche,,Scheduled
2025-03-31,8:00 PM,10:00 PM,Dallas Stars,,Seattle Kraken,,Scheduled
2025-04-01,5:00 PM,7:00 PM,Washington Capitals,,Boston Bruins,,Scheduled
2025-04-01,5:00 PM,7:00 PM,Florida Panthers,,Montreal Canadiens,,Scheduled
2025-04-01,5:00 PM,7:00 PM,Buffalo Sabres,,Ottawa Senators,,Scheduled
2025-04-01,5:00 PM,7:00 PM,Nashville Predators,,Columbus Blue Jackets,,Scheduled
2025-04-01,5:30 PM,7:30 PM,Tampa Bay Lightning,,New York Islanders,,Scheduled
2025-04-01,6:00 PM,8:00 PM,Detroit Red Wings,,St. Louis Blues,,Scheduled
2025-04-01,7:00 PM,9:00 PM,Calgary Flames,,Utah Hockey Club,,Scheduled
2025-04-01,8:00 PM,10:00 PM,Edmonton Oilers,,Vegas Golden Knights,,Scheduled
2025-04-01,8:00 PM,10:00 PM,San Jose Sharks,,Anaheim Ducks,,Scheduled
2025-04-01,8:30 PM,10:30 PM,Winnipeg Jets,,Los Angeles Kings,,Scheduled
2025-04-02,5:00 PM,7:00 PM,Minnesota Wild,,New York Rangers,,Scheduled
2025-04-02,5:00 PM,7:00 PM,Washington Capitals,,Carolina Hurricanes,,Scheduled
2025-04-02,5:30 PM,7:30 PM,Florida Panthers,,Toronto Maple Leafs,,Scheduled
2025-04-02,7:30 PM,9:30 PM,Colorado Avalanche,,Chicago Blackhawks,,Scheduled
2025-04-02,8:30 PM,10:30 PM,Seattle Kraken,,Vancouver Canucks,,Scheduled
2025-04-03,5:00 PM,7:00 PM,Boston Bruins,,Montreal Canadiens,,Scheduled
2025-04-03,5:00 PM,7:00 PM,Tampa Bay Lightning,,Ottawa Senators,,Scheduled
2025-04-03,5:30 PM,7:30 PM,Colorado Avalanche,,Columbus Blue Jackets,,Scheduled
2025-04-03,6:00 PM,8:00 PM,Pittsburgh Penguins,,St. Louis Blues,,Scheduled
2025-04-03,6:00 PM,8:00 PM,Nashville Predators,,Dallas Stars,,Scheduled
2025-04-03,7:00 PM,9:00 PM,Los Angeles Kings,,Utah Hockey Club,,Scheduled
2025-04-03,7:30 PM,9:30 PM,Anaheim Ducks,,Calgary Flames,,Scheduled
2025-04-03,8:00 PM,10:00 PM,Winnipeg Jets,,Vegas Golden Knights,,Scheduled
2025-04-03,8:30 PM,10:30 PM,Edmonton Oilers,,San Jose Sharks,,Scheduled
2025-04-04,5:00 PM,7:00 PM,Carolina Hurricanes,,Detroit Red Wings,,Scheduled
2025-04-04,5:00 PM,7:00 PM,Chicago Blackhawks,,Washington Capitals,,Scheduled
2025-04-04,5:30 PM,7:30 PM,Minnesota Wild,,New York Islanders,,Scheduled
2025-04-05,10:30 AM,12:30 PM,New York Rangers,,New Jersey Devils,,Scheduled
2025-04-05,12:00 PM,2:00 PM,Florida Panthers,,Ottawa Senators,,Scheduled
2025-04-05,1:00 PM,3:00 PM,Pittsburgh Penguins,,Dallas Stars,,Scheduled
2025-04-05,2:00 PM,4:00 PM,Anaheim Ducks,,Vancouver Canucks,,Scheduled
2025-04-05,2:00 PM,4:00 PM,Edmonton Oilers,,Los Angeles Kings,,Scheduled
2025-04-05,5:00 PM,7:00 PM,Carolina Hurricanes,,Boston Bruins,,Scheduled
2025-04-05,5:00 PM,7:00 PM,Tampa Bay Lightning,,Buffalo Sabres,,Scheduled
2025-04-05,5:00 PM,7:00 PM,Columbus Blue Jackets,,Toronto Maple Leafs,,Scheduled
2025-04-05,5:00 PM,7:00 PM,Philadelphia Flyers,,Montreal Canadiens,,Scheduled
2025-04-05,5:00 PM,7:00 PM,Colorado Avalanche,,St. Louis Blues,,Scheduled
2025-04-05,5:00 PM,7:00 PM,Winnipeg Jets,,Utah Hockey Club,,Scheduled
2025-04-05,8:00 PM,10:00 PM,Vegas Golden Knights,,Calgary Flames,,Scheduled
2025-04-05,8:00 PM,10:00 PM,Seattle Kraken,,San Jose Sharks,,Scheduled
2025-04-06,10:30 AM,12:30 PM,Washington Capitals,,New York Islanders,,Scheduled
2025-04-06,1:00 PM,3:00 PM,Dallas Stars,,Minnesota Wild,,Scheduled
2025-04-06,3:00 PM,5:00 PM,Columbus Blue Jackets,,Ottawa Senators,,Scheduled
2025-04-06,3:30 PM,5:30 PM,Florida Panthers,,Detroit Red Wings,,Scheduled
2025-04-06,4:00 PM,6:00 PM,Boston Bruins,,Buffalo Sabres,,Scheduled
2025-04-06,4:00 PM,6:00 PM,Pittsburgh Penguins,,Chicago Blackhawks,,Scheduled
2025-04-06,5:00 PM,7:00 PM,Montreal Canadiens,,Nashville Predators,,Scheduled
2025-04-06,8:00 PM,10:00 PM,Vegas Golden Knights,,Vancouver Canucks,,Scheduled
2025-04-07,5:00 PM,7:00 PM,Tampa Bay Lightning,,New York Rangers,,Scheduled
2025-04-07,5:30 PM,7:30 PM,St. Louis Blues,,Winnipeg Jets,,Scheduled
2025-04-07,8:30 PM,10:30 PM,Edmonton Oilers,,Anaheim Ducks,,Scheduled
2025-04-07,8:30 PM,10:30 PM,Seattle Kraken,,Los Angeles Kings,,Scheduled
2025-04-07,8:30 PM,10:30 PM,Calgary Flames,,San Jose Sharks,,Scheduled
2025-04-08,5:00 PM,7:00 PM,Carolina Hurricanes,,Buffalo Sabres,,Scheduled
2025-04-08,5:00 PM,7:00 PM,Detroit Red Wings,,Montreal Canadiens,,Scheduled
2025-04-08,5:00 PM,7:00 PM,Toronto Maple Leafs,,Florida Panthers,,Scheduled
2025-04-08,5:00 PM,7:00 PM,Boston Bruins,,New Jersey Devils,,Scheduled
2025-04-08,5:00 PM,7:00 PM,Ottawa Senators,,Columbus Blue Jackets,,Scheduled
2025-04-08,5:00 PM,7:00 PM,Chicago Blackhawks,,Pittsburgh Penguins,,Scheduled
2025-04-08,6:00 PM,8:00 PM,New York Islanders,,Nashville Predators,,Scheduled
2025-04-08,6:00 PM,8:00 PM,Vancouver Canucks,,Dallas Stars,,Scheduled
2025-04-08,7:00 PM,9:00 PM,Seattle Kraken,,Utah Hockey Club,,Scheduled
2025-04-08,7:30 PM,9:30 PM,Vegas Golden Knights,,Colorado Avalanche,,Scheduled
2025-04-09,5:00 PM,7:00 PM,Toronto Maple Leafs,,Tampa Bay Lightning,,Scheduled
2025-04-09,5:30 PM,7:30 PM,Philadelphia Flyers,,New York Rangers,,Scheduled
2025-04-09,6:00 PM,8:00 PM,San Jose Sharks,,Minnesota Wild,,Scheduled
2025-04-09,8:00 PM,10:00 PM,St. Louis Blues,,Edmonton Oilers,,Scheduled
2025-04-09,8:00 PM,10:00 PM,Calgary Flames,,Anaheim Ducks,,Scheduled
2025-04-10,5:00 PM,7:00 PM,Chicago Blackhawks,,Boston Bruins,,Scheduled
2025-04-10,5:00 PM,7:00 PM,Detroit Red Wings,,Florida Panthers,,Scheduled
2025-04-10,5:00 PM,7:00 PM,Buffalo Sabres,,Columbus Blue Jackets,,Scheduled
2025-04-10,5:30 PM,7:30 PM,Carolina Hurricanes,,Washington Capitals,,Scheduled
2025-04-10,5:30 PM,7:30 PM,New York Rangers,,New York Islanders,,Scheduled
2025-04-10,6:00 PM,8:00 PM,Winnipeg Jets,,Dallas Stars,,Scheduled
2025-04-10,7:00 PM,9:00 PM,Vancouver Canucks,,Colorado Avalanche,,Scheduled
2025-04-10,7:00 PM,9:00 PM,Nashville Predators,,Utah Hockey Club,,Scheduled
2025-04-10,8:00 PM,10:00 PM,Seattle Kraken,,Vegas Golden Knights,,Scheduled
2025-04-10,8:00 PM,10:00 PM,Anaheim Ducks,,Los Angeles Kings,,Scheduled
2025-04-11,5:00 PM,7:00 PM,Montreal Canadiens,,Ottawa Senators,,Scheduled
2025-04-11,5:00 PM,7:00 PM,Detroit Red Wings,,Tampa Bay Lightning,,Scheduled
2025-04-11,5:00 PM,7:00 PM,Pittsburgh Penguins,,New Jersey Devils,,Scheduled
2025-04-11,7:30 PM,9:30 PM,San Jose Sharks,,Edmonton Oilers,,Scheduled
2025-04-11,8:00 PM,10:00 PM,Minnesota Wild,,Calgary Flames,,Scheduled
2025-04-12,10:30 AM,12:30 PM,New York Islanders,,Philadelphia Flyers,,Scheduled
2025-04-12,1:00 PM,3:00 PM,New York Rangers,,Carolina Hurricanes,,Scheduled
2025-04-12,2:00 PM,4:00 PM,Colorado Avalanche,,Los Angeles Kings,,Scheduled
2025-04-12,4:00 PM,6:00 PM,Buffalo Sabres,,Florida Panthers,,Scheduled
2025-04-12,5:00 PM,7:00 PM,Montreal Canadiens,,Toronto Maple Leafs,,Scheduled
2025-04-12,5:00 PM,7:00 PM,Washington Capitals,,Columbus Blue Jackets,,Scheduled
2025-04-12,5:00 PM,7:00 PM,Winnipeg Jets,,Chicago Blackhawks,,Scheduled
2025-04-12,6:00 PM,8:00 PM,Utah Hockey Club,,Dallas Stars,,Scheduled
2025-04-12,8:00 PM,10:00 PM,Minnesota Wild,,Vancouver Canucks,,Scheduled
2025-04-12,8:00 PM,10:00 PM,Nashville Predators,,Vegas Golden Knights,,Scheduled
2025-04-12,8:00 PM,10:00 PM,St. Louis Blues,,Seattle Kraken,,Scheduled
2025-04-13,11:00 AM,1:00 PM,Philadelphia Flyers,,Ottawa Senators,,Scheduled
2025-04-13,11:00 AM,1:00 PM,New York Islanders,,New Jersey Devils,,Scheduled
2025-04-13,1:30 PM,3:30 PM,Boston Bruins,,Pittsburgh Penguins,,Scheduled
2025-04-13,3:00 PM,5:00 PM,Toronto Maple Leafs,,Carolina Hurricanes,,Scheduled
2025-04-13,4:00 PM,6:00 PM,Buffalo Sabres,,Tampa Bay Lightning,,Scheduled
2025-04-13,4:00 PM,6:00 PM,Columbus Blue Jackets,,Washington Capitals,,Scheduled
2025-04-13,5:00 PM,7:00 PM,Edmonton Oilers,,Winnipeg Jets,,Scheduled
2025-04-13,6:00 PM,8:00 PM,San Jose Sharks,,Calgary Flames,,Scheduled
2025-04-13,8:00 PM,10:00 PM,Colorado Avalanche,,Anaheim Ducks,,Scheduled
2025-04-14,5:00 PM,7:00 PM,Chicago Blackhawks,,Montreal Canadiens,,Scheduled
2025-04-14,5:00 PM,7:00 PM,Dallas Stars,,Detroit Red Wings,,Scheduled
2025-04-14,5:00 PM,7:00 PM,New York Rangers,,Florida Panthers,,Scheduled
2025-04-14,6:00 PM,8:00 PM,Utah Hockey Club,,Nashville Predators,,Scheduled
2025-04-14,8:00 PM,10:00 PM,Los Angeles Kings,,Edmonton Oilers,,Scheduled
2025-04-14,8:00 PM,10:00 PM,San Jose Sharks,,Vancouver Canucks,,Scheduled
2025-04-15,5:00 PM,7:00 PM,New Jersey Devils,,Boston Bruins,,Scheduled
2025-04-15,5:00 PM,7:00 PM,Toronto Maple Leafs,,Buffalo Sabres,,Scheduled
2025-04-15,5:00 PM,7:00 PM,Chicago Blackhawks,,Ottawa Senators,,Scheduled
2025-04-15,5:00 PM,7:00 PM,Florida Panthers,,Tampa Bay Lightning,,Scheduled
2025-04-15,5:00 PM,7:00 PM,Columbus Blue Jackets,,Philadelphia Flyers,,Scheduled
2025-04-15,6:00 PM,8:00 PM,Washington Capitals,,New York Islanders,,Scheduled
2025-04-15,6:00 PM,8:00 PM,Utah Hockey Club,,St. Louis Blues,,Scheduled
2025-04-15,6:00 PM,8:00 PM,Anaheim Ducks,,Minnesota Wild,,Scheduled
2025-04-15,7:00 PM,9:00 PM,Vegas Golden Knights,,Calgary Flames,,Scheduled
2025-04-15,8:30 PM,10:30 PM,Los Angeles Kings,,Seattle Kraken,,Scheduled
2025-04-16,5:00 PM,7:00 PM,Carolina Hurricanes,,Montreal Canadiens,,Scheduled
2025-04-16,5:00 PM,7:00 PM,Anaheim Ducks,,Winnipeg Jets,,Scheduled
2025-04-16,5:30 PM,7:30 PM,Detroit Red Wings,,New Jersey Devils,,Scheduled
2025-04-16,6:00 PM,8:00 PM,Dallas Stars,,Nashville Predators,,Scheduled
2025-04-16,8:00 PM,10:00 PM,Vegas Golden Knights,,Vancouver Canucks,,Scheduled
2025-04-16,8:30 PM,10:30 PM,Edmonton Oilers,,San Jose Sharks,,Scheduled
2025-04-17,5:00 PM,7:00 PM,Philadelphia Flyers,,Buffalo Sabres,,Scheduled
2025-04-17,5:00 PM,7:00 PM,Detroit Red Wings,,Toronto Maple Leafs,,Scheduled
2025-04-17,5:00 PM,7:00 PM,Carolina Hurricanes,,Ottawa Senators,,Scheduled
2025-04-17,5:00 PM,7:00 PM,Tampa Bay Lightning,,New York Rangers,,Scheduled
2025-04-17,5:00 PM,7:00 PM,Washington Capitals,,Pittsburgh Penguins,,Scheduled
2025-04-17,5:00 PM,7:00 PM,New York Islanders,,Columbus Blue Jackets,,Scheduled
